"resolution","score_i","score_j","analysis","genotype_form","correlation","p_value"
10,"CV_t","RN","global","combined",-0.0158227848101266,0.839
10,"CV_t","RNN","global","combined",0.537341772151899,0.001
10,"CV_t","D_slope","global","combined",0.576582278481013,0.001
10,"CV_t","RC","global","combined",0.94620253164557,0.001
10,"CV_t","gPi","global","combined",1,0.001
10,"CV_t","PPF","global","combined",0.884810126582279,0.001
10,"CV_t","PPi","global","combined",0.925949367088608,0.001
10,"CV_t","PImd","global","combined",0.925949367088608,0.001
10,"CV_t","PILSM","global","combined",0.925949367088608,0.001
10,"CV_t","RTR","global","combined",-0.019620253164557,0.799
10,"CV_t","PIR","global","combined",0.856962025316456,0.001
10,"CV_t","RDPI","global","combined",0.948101265822785,0.001
10,"CV_t","ESPI","global","combined",0.574683544303797,0.001
10,"CV_t","ESPIID","global","combined",0.580379746835443,0.001
10,"CV_t","PSI","global","combined",-0.139873417721519,0.073
10,"CV_t","RPI","global","combined",0.948101265822785,0.001
10,"CV_t","PQ","global","combined",0.574683544303797,0.001
10,"CV_t","PR","global","combined",0.574683544303797,0.001
10,"CV_t","NRW","global","combined",0.574683544303797,0.001
10,"CV_t","ESP","global","combined",0.95253164556962,0.001
10,"CV_t","CEV","global","combined",1,0.001
10,"CV_t","PFI","global","combined",0.85506329113924,0.001
10,"CV_t","APC","global","combined",0.50126582278481,0.001
10,"CV_t","SI","global","combined",0.805696202531646,0.001
10,"CV_t","RSI","global","combined",-1,0.001
10,"CV_t","EVS","global","combined",0.579746835443038,0.001
10,"RN","RNN","global","combined",-0.0316455696202532,0.684
10,"RN","D_slope","global","combined",0.0518987341772152,0.478
10,"RN","RC","global","combined",-0.0189873417721519,0.8
10,"RN","gPi","global","combined",-0.0158227848101266,0.844
10,"RN","PPF","global","combined",0.0867088607594937,0.267
10,"RN","PPi","global","combined",-0.020253164556962,0.806
10,"RN","PImd","global","combined",-0.020253164556962,0.798
10,"RN","PILSM","global","combined",-0.020253164556962,0.816
10,"RN","RTR","global","combined",0.789873417721519,0.001
10,"RN","PIR","global","combined",0.0677215189873418,0.368
10,"RN","RDPI","global","combined",-0.019620253164557,0.809
10,"RN","ESPI","global","combined",0.0512658227848101,0.481
10,"RN","ESPIID","global","combined",0.0265822784810127,0.746
10,"RN","PSI","global","combined",-0.0265822784810127,0.715
10,"RN","RPI","global","combined",-0.019620253164557,0.792
10,"RN","PQ","global","combined",0.0512658227848101,0.493
10,"RN","PR","global","combined",0.0512658227848101,0.495
10,"RN","NRW","global","combined",0.0512658227848101,0.475
10,"RN","ESP","global","combined",-0.0227848101265823,0.784
10,"RN","CEV","global","combined",-0.0158227848101266,0.852
10,"RN","PFI","global","combined",-0.0189873417721519,0.827
10,"RN","APC","global","combined",0.0120253164556962,0.886
10,"RN","SI","global","combined",0.00886075949367089,0.905
10,"RN","RSI","global","combined",0.0158227848101266,0.847
10,"RN","EVS","global","combined",0.0449367088607595,0.539
10,"RNN","D_slope","global","combined",0.654430379746835,0.001
10,"RNN","RC","global","combined",0.508860759493671,0.001
10,"RNN","gPi","global","combined",0.537341772151899,0.001
10,"RNN","PPF","global","combined",0.509493670886076,0.001
10,"RNN","PPi","global","combined",0.525316455696203,0.001
10,"RNN","PImd","global","combined",0.525316455696203,0.001
10,"RNN","PILSM","global","combined",0.525316455696203,0.001
10,"RNN","RTR","global","combined",-0.0164556962025316,0.837
10,"RNN","PIR","global","combined",0.457594936708861,0.001
10,"RNN","RDPI","global","combined",0.510759493670886,0.001
10,"RNN","ESPI","global","combined",0.713291139240506,0.001
10,"RNN","ESPIID","global","combined",0.791139240506329,0.001
10,"RNN","PSI","global","combined",-0.0772151898734177,0.31
10,"RNN","RPI","global","combined",0.510759493670886,0.001
10,"RNN","PQ","global","combined",0.713291139240506,0.001
10,"RNN","PR","global","combined",0.713291139240506,0.001
10,"RNN","NRW","global","combined",0.713291139240506,0.001
10,"RNN","ESP","global","combined",0.513924050632911,0.001
10,"RNN","CEV","global","combined",0.537341772151899,0.001
10,"RNN","PFI","global","combined",0.563291139240506,0.001
10,"RNN","APC","global","combined",0.757594936708861,0.001
10,"RNN","SI","global","combined",0.634177215189873,0.001
10,"RNN","RSI","global","combined",-0.537341772151899,0.001
10,"RNN","EVS","global","combined",0.696835443037975,0.001
10,"D_slope","RC","global","combined",0.573417721518987,0.001
10,"D_slope","gPi","global","combined",0.576582278481013,0.001
10,"D_slope","PPF","global","combined",0.591772151898734,0.001
10,"D_slope","PPi","global","combined",0.593670886075949,0.001
10,"D_slope","PImd","global","combined",0.593670886075949,0.001
10,"D_slope","PILSM","global","combined",0.593670886075949,0.001
10,"D_slope","RTR","global","combined",0.0734177215189873,0.353
10,"D_slope","PIR","global","combined",0.596835443037975,0.001
10,"D_slope","RDPI","global","combined",0.596835443037975,0.001
10,"D_slope","ESPI","global","combined",0.905696202531646,0.001
10,"D_slope","ESPIID","global","combined",0.80253164556962,0.001
10,"D_slope","PSI","global","combined",-0.379746835443038,0.001
10,"D_slope","RPI","global","combined",0.596835443037975,0.001
10,"D_slope","PQ","global","combined",0.905696202531646,0.001
10,"D_slope","PR","global","combined",0.905696202531646,0.001
10,"D_slope","NRW","global","combined",0.905696202531646,0.001
10,"D_slope","ESP","global","combined",0.573417721518987,0.001
10,"D_slope","CEV","global","combined",0.576582278481013,0.001
10,"D_slope","PFI","global","combined",0.535443037974684,0.001
10,"D_slope","APC","global","combined",0.603164556962025,0.001
10,"D_slope","SI","global","combined",0.756962025316456,0.001
10,"D_slope","RSI","global","combined",-0.576582278481013,0.001
10,"D_slope","EVS","global","combined",0.900632911392405,0.001
10,"RC","gPi","global","combined",0.94620253164557,0.001
10,"RC","PPF","global","combined",0.874050632911392,0.001
10,"RC","PPi","global","combined",0.889873417721519,0.001
10,"RC","PImd","global","combined",0.889873417721519,0.001
10,"RC","PILSM","global","combined",0.889873417721519,0.001
10,"RC","RTR","global","combined",-0.0215189873417722,0.773
10,"RC","PIR","global","combined",0.838607594936709,0.001
10,"RC","RDPI","global","combined",0.94493670886076,0.001
10,"RC","ESPI","global","combined",0.558860759493671,0.001
10,"RC","ESPIID","global","combined",0.549367088607595,0.001
10,"RC","PSI","global","combined",-0.191139240506329,0.016
10,"RC","RPI","global","combined",0.94493670886076,0.001
10,"RC","PQ","global","combined",0.558860759493671,0.001
10,"RC","PR","global","combined",0.558860759493671,0.001
10,"RC","NRW","global","combined",0.558860759493671,0.001
10,"RC","ESP","global","combined",0.993670886075949,0.001
10,"RC","CEV","global","combined",0.94620253164557,0.001
10,"RC","PFI","global","combined",0.80126582278481,0.001
10,"RC","APC","global","combined",0.45506329113924,0.001
10,"RC","SI","global","combined",0.793670886075949,0.001
10,"RC","RSI","global","combined",-0.94620253164557,0.001
10,"RC","EVS","global","combined",0.579113924050633,0.001
10,"gPi","PPF","global","combined",0.884810126582279,0.001
10,"gPi","PPi","global","combined",0.925949367088608,0.001
10,"gPi","PImd","global","combined",0.925949367088608,0.001
10,"gPi","PILSM","global","combined",0.925949367088608,0.001
10,"gPi","RTR","global","combined",-0.019620253164557,0.809
10,"gPi","PIR","global","combined",0.856962025316456,0.001
10,"gPi","RDPI","global","combined",0.948101265822785,0.001
10,"gPi","ESPI","global","combined",0.574683544303797,0.001
10,"gPi","ESPIID","global","combined",0.580379746835443,0.001
10,"gPi","PSI","global","combined",-0.139873417721519,0.06
10,"gPi","RPI","global","combined",0.948101265822785,0.001
10,"gPi","PQ","global","combined",0.574683544303797,0.001
10,"gPi","PR","global","combined",0.574683544303797,0.001
10,"gPi","NRW","global","combined",0.574683544303797,0.001
10,"gPi","ESP","global","combined",0.95253164556962,0.001
10,"gPi","CEV","global","combined",1,0.001
10,"gPi","PFI","global","combined",0.85506329113924,0.001
10,"gPi","APC","global","combined",0.50126582278481,0.001
10,"gPi","SI","global","combined",0.805696202531646,0.001
10,"gPi","RSI","global","combined",-1,0.001
10,"gPi","EVS","global","combined",0.579746835443038,0.001
10,"PPF","PPi","global","combined",0.889240506329114,0.001
10,"PPF","PImd","global","combined",0.889240506329114,0.001
10,"PPF","PILSM","global","combined",0.889240506329114,0.001
10,"PPF","RTR","global","combined",0.0943037974683544,0.195
10,"PPF","PIR","global","combined",0.912658227848101,0.001
10,"PPF","RDPI","global","combined",0.893670886075949,0.001
10,"PPF","ESPI","global","combined",0.573417721518987,0.001
10,"PPF","ESPIID","global","combined",0.563924050632911,0.001
10,"PPF","PSI","global","combined",-0.160126582278481,0.035
10,"PPF","RPI","global","combined",0.893670886075949,0.001
10,"PPF","PQ","global","combined",0.573417721518987,0.001
10,"PPF","PR","global","combined",0.573417721518987,0.001
10,"PPF","NRW","global","combined",0.573417721518987,0.001
10,"PPF","ESP","global","combined",0.872784810126582,0.001
10,"PPF","CEV","global","combined",0.884810126582279,0.001
10,"PPF","PFI","global","combined",0.796835443037975,0.001
10,"PPF","APC","global","combined",0.478481012658228,0.001
10,"PPF","SI","global","combined",0.786708860759494,0.001
10,"PPF","RSI","global","combined",-0.884810126582279,0.001
10,"PPF","EVS","global","combined",0.581012658227848,0.001
10,"PPi","PImd","global","combined",1,0.001
10,"PPi","PILSM","global","combined",1,0.001
10,"PPi","RTR","global","combined",-0.00759493670886076,0.929
10,"PPi","PIR","global","combined",0.887974683544304,0.001
10,"PPi","RDPI","global","combined",0.939873417721519,0.001
10,"PPi","ESPI","global","combined",0.585443037974684,0.001
10,"PPi","ESPIID","global","combined",0.589873417721519,0.001
10,"PPi","PSI","global","combined",-0.124050632911392,0.109
10,"PPi","RPI","global","combined",0.939873417721519,0.001
10,"PPi","PQ","global","combined",0.585443037974684,0.001
10,"PPi","PR","global","combined",0.585443037974684,0.001
10,"PPi","NRW","global","combined",0.585443037974684,0.001
10,"PPi","ESP","global","combined",0.89493670886076,0.001
10,"PPi","CEV","global","combined",0.925949367088608,0.001
10,"PPi","PFI","global","combined",0.862025316455696,0.001
10,"PPi","APC","global","combined",0.514556962025316,0.001
10,"PPi","SI","global","combined",0.788607594936709,0.001
10,"PPi","RSI","global","combined",-0.925949367088608,0.001
10,"PPi","EVS","global","combined",0.575316455696202,0.001
10,"PImd","PILSM","global","combined",1,0.001
10,"PImd","RTR","global","combined",-0.00759493670886076,0.928
10,"PImd","PIR","global","combined",0.887974683544304,0.001
10,"PImd","RDPI","global","combined",0.939873417721519,0.001
10,"PImd","ESPI","global","combined",0.585443037974684,0.001
10,"PImd","ESPIID","global","combined",0.589873417721519,0.001
10,"PImd","PSI","global","combined",-0.124050632911392,0.103
10,"PImd","RPI","global","combined",0.939873417721519,0.001
10,"PImd","PQ","global","combined",0.585443037974684,0.001
10,"PImd","PR","global","combined",0.585443037974684,0.001
10,"PImd","NRW","global","combined",0.585443037974684,0.001
10,"PImd","ESP","global","combined",0.89493670886076,0.001
10,"PImd","CEV","global","combined",0.925949367088608,0.001
10,"PImd","PFI","global","combined",0.862025316455696,0.001
10,"PImd","APC","global","combined",0.514556962025316,0.001
10,"PImd","SI","global","combined",0.788607594936709,0.001
10,"PImd","RSI","global","combined",-0.925949367088608,0.001
10,"PImd","EVS","global","combined",0.575316455696202,0.001
10,"PILSM","RTR","global","combined",-0.00759493670886076,0.915
10,"PILSM","PIR","global","combined",0.887974683544304,0.001
10,"PILSM","RDPI","global","combined",0.939873417721519,0.001
10,"PILSM","ESPI","global","combined",0.585443037974684,0.001
10,"PILSM","ESPIID","global","combined",0.589873417721519,0.001
10,"PILSM","PSI","global","combined",-0.124050632911392,0.113
10,"PILSM","RPI","global","combined",0.939873417721519,0.001
10,"PILSM","PQ","global","combined",0.585443037974684,0.001
10,"PILSM","PR","global","combined",0.585443037974684,0.001
10,"PILSM","NRW","global","combined",0.585443037974684,0.001
10,"PILSM","ESP","global","combined",0.89493670886076,0.001
10,"PILSM","CEV","global","combined",0.925949367088608,0.001
10,"PILSM","PFI","global","combined",0.862025316455696,0.001
10,"PILSM","APC","global","combined",0.514556962025316,0.001
10,"PILSM","SI","global","combined",0.788607594936709,0.001
10,"PILSM","RSI","global","combined",-0.925949367088608,0.001
10,"PILSM","EVS","global","combined",0.575316455696202,0.001
10,"RTR","PIR","global","combined",0.0841772151898734,0.267
10,"RTR","RDPI","global","combined",-0.0107594936708861,0.893
10,"RTR","ESPI","global","combined",0.0525316455696203,0.517
10,"RTR","ESPIID","global","combined",0.0329113924050633,0.648
10,"RTR","PSI","global","combined",-0.0443037974683544,0.562
10,"RTR","RPI","global","combined",-0.0107594936708861,0.893
10,"RTR","PQ","global","combined",0.0525316455696203,0.48
10,"RTR","PR","global","combined",0.0525316455696203,0.476
10,"RTR","NRW","global","combined",0.0525316455696203,0.477
10,"RTR","ESP","global","combined",-0.0253164556962025,0.723
10,"RTR","CEV","global","combined",-0.019620253164557,0.8
10,"RTR","PFI","global","combined",-0.0240506329113924,0.742
10,"RTR","APC","global","combined",0.0208860759493671,0.776
10,"RTR","SI","global","combined",0.00506329113924051,0.943
10,"RTR","RSI","global","combined",0.019620253164557,0.789
10,"RTR","EVS","global","combined",0.0474683544303797,0.538
10,"PIR","RDPI","global","combined",0.881012658227848,0.001
10,"PIR","ESPI","global","combined",0.574683544303797,0.001
10,"PIR","ESPIID","global","combined",0.55126582278481,0.001
10,"PIR","PSI","global","combined",-0.177848101265823,0.013
10,"PIR","RPI","global","combined",0.881012658227848,0.001
10,"PIR","PQ","global","combined",0.574683544303797,0.001
10,"PIR","PR","global","combined",0.574683544303797,0.001
10,"PIR","NRW","global","combined",0.574683544303797,0.001
10,"PIR","ESP","global","combined",0.837341772151899,0.001
10,"PIR","CEV","global","combined",0.856962025316456,0.001
10,"PIR","PFI","global","combined",0.761392405063291,0.001
10,"PIR","APC","global","combined",0.450632911392405,0.001
10,"PIR","SI","global","combined",0.766455696202532,0.001
10,"PIR","RSI","global","combined",-0.856962025316456,0.001
10,"PIR","EVS","global","combined",0.572151898734177,0.001
10,"RDPI","ESPI","global","combined",0.574683544303797,0.001
10,"RDPI","ESPIID","global","combined",0.570253164556962,0.001
10,"RDPI","PSI","global","combined",-0.171518987341772,0.027
10,"RDPI","RPI","global","combined",1,0.001
10,"RDPI","PQ","global","combined",0.574683544303797,0.001
10,"RDPI","PR","global","combined",0.574683544303797,0.001
10,"RDPI","NRW","global","combined",0.574683544303797,0.001
10,"RDPI","ESP","global","combined",0.94493670886076,0.001
10,"RDPI","CEV","global","combined",0.948101265822785,0.001
10,"RDPI","PFI","global","combined",0.813291139240506,0.001
10,"RDPI","APC","global","combined",0.472151898734177,0.001
10,"RDPI","SI","global","combined",0.801898734177215,0.001
10,"RDPI","RSI","global","combined",-0.948101265822785,0.001
10,"RDPI","EVS","global","combined",0.582278481012658,0.001
10,"ESPI","ESPIID","global","combined",0.866455696202532,0.001
10,"ESPI","PSI","global","combined",-0.35506329113924,0.001
10,"ESPI","RPI","global","combined",0.574683544303797,0.001
10,"ESPI","PQ","global","combined",1,0.001
10,"ESPI","PR","global","combined",1,0.001
10,"ESPI","NRW","global","combined",1,0.001
10,"ESPI","ESP","global","combined",0.562658227848101,0.001
10,"ESPI","CEV","global","combined",0.574683544303797,0.001
10,"ESPI","PFI","global","combined",0.55126582278481,0.001
10,"ESPI","APC","global","combined",0.664556962025316,0.001
10,"ESPI","SI","global","combined",0.761392405063291,0.001
10,"ESPI","RSI","global","combined",-0.574683544303797,0.001
10,"ESPI","EVS","global","combined",0.937974683544304,0.001
10,"ESPIID","PSI","global","combined",-0.221518987341772,0.005
10,"ESPIID","RPI","global","combined",0.570253164556962,0.001
10,"ESPIID","PQ","global","combined",0.866455696202532,0.001
10,"ESPIID","PR","global","combined",0.866455696202532,0.001
10,"ESPIID","NRW","global","combined",0.866455696202532,0.001
10,"ESPIID","ESP","global","combined",0.554430379746835,0.001
10,"ESPIID","CEV","global","combined",0.580379746835443,0.001
10,"ESPIID","PFI","global","combined",0.60506329113924,0.001
10,"ESPIID","APC","global","combined",0.798101265822785,0.001
10,"ESPIID","SI","global","combined",0.743037974683544,0.001
10,"ESPIID","RSI","global","combined",-0.580379746835443,0.001
10,"ESPIID","EVS","global","combined",0.841139240506329,0.001
10,"PSI","RPI","global","combined",-0.171518987341772,0.033
10,"PSI","PQ","global","combined",-0.35506329113924,0.001
10,"PSI","PR","global","combined",-0.35506329113924,0.001
10,"PSI","NRW","global","combined",-0.35506329113924,0.001
10,"PSI","ESP","global","combined",-0.184810126582278,0.019
10,"PSI","CEV","global","combined",-0.139873417721519,0.065
10,"PSI","PFI","global","combined",0.00126582278481013,0.985
10,"PSI","APC","global","combined",-0.019620253164557,0.797
10,"PSI","SI","global","combined",-0.244303797468354,0.002
10,"PSI","RSI","global","combined",0.139873417721519,0.07
10,"PSI","EVS","global","combined",-0.380379746835443,0.001
10,"RPI","PQ","global","combined",0.574683544303797,0.001
10,"RPI","PR","global","combined",0.574683544303797,0.001
10,"RPI","NRW","global","combined",0.574683544303797,0.001
10,"RPI","ESP","global","combined",0.94493670886076,0.001
10,"RPI","CEV","global","combined",0.948101265822785,0.001
10,"RPI","PFI","global","combined",0.813291139240506,0.001
10,"RPI","APC","global","combined",0.472151898734177,0.001
10,"RPI","SI","global","combined",0.801898734177215,0.001
10,"RPI","RSI","global","combined",-0.948101265822785,0.001
10,"RPI","EVS","global","combined",0.582278481012658,0.001
10,"PQ","PR","global","combined",1,0.001
10,"PQ","NRW","global","combined",1,0.001
10,"PQ","ESP","global","combined",0.562658227848101,0.001
10,"PQ","CEV","global","combined",0.574683544303797,0.001
10,"PQ","PFI","global","combined",0.55126582278481,0.001
10,"PQ","APC","global","combined",0.664556962025316,0.001
10,"PQ","SI","global","combined",0.761392405063291,0.001
10,"PQ","RSI","global","combined",-0.574683544303797,0.001
10,"PQ","EVS","global","combined",0.937974683544304,0.001
10,"PR","NRW","global","combined",1,0.001
10,"PR","ESP","global","combined",0.562658227848101,0.001
10,"PR","CEV","global","combined",0.574683544303797,0.001
10,"PR","PFI","global","combined",0.55126582278481,0.001
10,"PR","APC","global","combined",0.664556962025316,0.001
10,"PR","SI","global","combined",0.761392405063291,0.001
10,"PR","RSI","global","combined",-0.574683544303797,0.001
10,"PR","EVS","global","combined",0.937974683544304,0.001
10,"NRW","ESP","global","combined",0.562658227848101,0.001
10,"NRW","CEV","global","combined",0.574683544303797,0.001
10,"NRW","PFI","global","combined",0.55126582278481,0.001
10,"NRW","APC","global","combined",0.664556962025316,0.001
10,"NRW","SI","global","combined",0.761392405063291,0.001
10,"NRW","RSI","global","combined",-0.574683544303797,0.001
10,"NRW","EVS","global","combined",0.937974683544304,0.001
10,"ESP","CEV","global","combined",0.95253164556962,0.001
10,"ESP","PFI","global","combined",0.807594936708861,0.001
10,"ESP","APC","global","combined",0.461392405063291,0.001
10,"ESP","SI","global","combined",0.79746835443038,0.001
10,"ESP","RSI","global","combined",-0.95253164556962,0.001
10,"ESP","EVS","global","combined",0.580379746835443,0.001
10,"CEV","PFI","global","combined",0.85506329113924,0.001
10,"CEV","APC","global","combined",0.50126582278481,0.001
10,"CEV","SI","global","combined",0.805696202531646,0.001
10,"CEV","RSI","global","combined",-1,0.001
10,"CEV","EVS","global","combined",0.579746835443038,0.001
10,"PFI","APC","global","combined",0.595569620253165,0.001
10,"PFI","SI","global","combined",0.731645569620253,0.001
10,"PFI","RSI","global","combined",-0.85506329113924,0.001
10,"PFI","EVS","global","combined",0.529746835443038,0.001
10,"APC","SI","global","combined",0.581645569620253,0.001
10,"APC","RSI","global","combined",-0.50126582278481,0.001
10,"APC","EVS","global","combined",0.639240506329114,0.001
10,"SI","RSI","global","combined",-0.805696202531646,0.001
10,"SI","EVS","global","combined",0.774050632911392,0.001
10,"RSI","EVS","global","combined",-0.579746835443038,0.001
10,"CV_t","RN","local","linear",0.105263157894737,0.537
10,"CV_t","RNN","local","linear",0.631578947368421,0.001
10,"CV_t","D_slope","local","linear",0.621052631578947,0.001
10,"CV_t","RC","local","linear",1,0.001
10,"CV_t","gPi","local","linear",1,0.001
10,"CV_t","PPF","local","linear",0.957894736842105,0.001
10,"CV_t","PPi","local","linear",1,0.001
10,"CV_t","PImd","local","linear",1,0.001
10,"CV_t","PILSM","local","linear",1,0.001
10,"CV_t","RTR","local","linear",0.168421052631579,0.323
10,"CV_t","PIR","local","linear",0.957894736842105,0.001
10,"CV_t","RDPI","local","linear",1,0.001
10,"CV_t","ESPI","local","linear",0.631578947368421,0.001
10,"CV_t","ESPIID","local","linear",0.631578947368421,0.001
10,"CV_t","PSI","local","linear",-0.631578947368421,0.001
10,"CV_t","RPI","local","linear",1,0.001
10,"CV_t","PQ","local","linear",0.631578947368421,0.001
10,"CV_t","PR","local","linear",0.631578947368421,0.001
10,"CV_t","NRW","local","linear",0.631578947368421,0.001
10,"CV_t","ESP","local","linear",1,0.001
10,"CV_t","CEV","local","linear",1,0.001
10,"CV_t","PFI","local","linear",1,0.001
10,"CV_t","APC","local","linear",0.631578947368421,0.001
10,"CV_t","SI","local","linear",0.873684210526316,0.001
10,"CV_t","RSI","local","linear",-1,0.001
10,"CV_t","EVS","local","linear",0.631578947368421,0.001
10,"RN","RNN","local","linear",0.263157894736842,0.098
10,"RN","D_slope","local","linear",0.273684210526316,0.1
10,"RN","RC","local","linear",0.105263157894737,0.523
10,"RN","gPi","local","linear",0.105263157894737,0.539
10,"RN","PPF","local","linear",0.147368421052632,0.383
10,"RN","PPi","local","linear",0.105263157894737,0.537
10,"RN","PImd","local","linear",0.105263157894737,0.528
10,"RN","PILSM","local","linear",0.105263157894737,0.55
10,"RN","RTR","local","linear",0.831578947368421,0.001
10,"RN","PIR","local","linear",0.147368421052632,0.362
10,"RN","RDPI","local","linear",0.105263157894737,0.528
10,"RN","ESPI","local","linear",0.263157894736842,0.113
10,"RN","ESPIID","local","linear",0.263157894736842,0.12
10,"RN","PSI","local","linear",-0.263157894736842,0.118
10,"RN","RPI","local","linear",0.105263157894737,0.557
10,"RN","PQ","local","linear",0.263157894736842,0.126
10,"RN","PR","local","linear",0.263157894736842,0.111
10,"RN","NRW","local","linear",0.263157894736842,0.115
10,"RN","ESP","local","linear",0.105263157894737,0.565
10,"RN","CEV","local","linear",0.105263157894737,0.549
10,"RN","PFI","local","linear",0.105263157894737,0.558
10,"RN","APC","local","linear",0.263157894736842,0.125
10,"RN","SI","local","linear",0.126315789473684,0.465
10,"RN","RSI","local","linear",-0.105263157894737,0.539
10,"RN","EVS","local","linear",0.263157894736842,0.105
10,"RNN","D_slope","local","linear",0.989473684210527,0.001
10,"RNN","RC","local","linear",0.631578947368421,0.001
10,"RNN","gPi","local","linear",0.631578947368421,0.001
10,"RNN","PPF","local","linear",0.631578947368421,0.002
10,"RNN","PPi","local","linear",0.631578947368421,0.001
10,"RNN","PImd","local","linear",0.631578947368421,0.001
10,"RNN","PILSM","local","linear",0.631578947368421,0.001
10,"RNN","RTR","local","linear",0.2,0.216
10,"RNN","PIR","local","linear",0.631578947368421,0.001
10,"RNN","RDPI","local","linear",0.631578947368421,0.001
10,"RNN","ESPI","local","linear",1,0.001
10,"RNN","ESPIID","local","linear",1,0.001
10,"RNN","PSI","local","linear",-1,0.001
10,"RNN","RPI","local","linear",0.631578947368421,0.001
10,"RNN","PQ","local","linear",1,0.001
10,"RNN","PR","local","linear",1,0.001
10,"RNN","NRW","local","linear",1,0.001
10,"RNN","ESP","local","linear",0.631578947368421,0.001
10,"RNN","CEV","local","linear",0.631578947368421,0.001
10,"RNN","PFI","local","linear",0.631578947368421,0.001
10,"RNN","APC","local","linear",1,0.001
10,"RNN","SI","local","linear",0.757894736842105,0.001
10,"RNN","RSI","local","linear",-0.631578947368421,0.001
10,"RNN","EVS","local","linear",1,0.001
10,"D_slope","RC","local","linear",0.621052631578947,0.001
10,"D_slope","gPi","local","linear",0.621052631578947,0.001
10,"D_slope","PPF","local","linear",0.621052631578947,0.001
10,"D_slope","PPi","local","linear",0.621052631578947,0.001
10,"D_slope","PImd","local","linear",0.621052631578947,0.001
10,"D_slope","PILSM","local","linear",0.621052631578947,0.001
10,"D_slope","RTR","local","linear",0.210526315789474,0.214
10,"D_slope","PIR","local","linear",0.621052631578947,0.001
10,"D_slope","RDPI","local","linear",0.621052631578947,0.001
10,"D_slope","ESPI","local","linear",0.989473684210527,0.001
10,"D_slope","ESPIID","local","linear",0.989473684210527,0.001
10,"D_slope","PSI","local","linear",-0.989473684210527,0.001
10,"D_slope","RPI","local","linear",0.621052631578947,0.001
10,"D_slope","PQ","local","linear",0.989473684210527,0.001
10,"D_slope","PR","local","linear",0.989473684210527,0.001
10,"D_slope","NRW","local","linear",0.989473684210527,0.001
10,"D_slope","ESP","local","linear",0.621052631578947,0.002
10,"D_slope","CEV","local","linear",0.621052631578947,0.001
10,"D_slope","PFI","local","linear",0.621052631578947,0.001
10,"D_slope","APC","local","linear",0.989473684210527,0.001
10,"D_slope","SI","local","linear",0.747368421052632,0.001
10,"D_slope","RSI","local","linear",-0.621052631578947,0.001
10,"D_slope","EVS","local","linear",0.989473684210527,0.001
10,"RC","gPi","local","linear",1,0.001
10,"RC","PPF","local","linear",0.957894736842105,0.001
10,"RC","PPi","local","linear",1,0.001
10,"RC","PImd","local","linear",1,0.001
10,"RC","PILSM","local","linear",1,0.001
10,"RC","RTR","local","linear",0.168421052631579,0.332
10,"RC","PIR","local","linear",0.957894736842105,0.001
10,"RC","RDPI","local","linear",1,0.001
10,"RC","ESPI","local","linear",0.631578947368421,0.001
10,"RC","ESPIID","local","linear",0.631578947368421,0.001
10,"RC","PSI","local","linear",-0.631578947368421,0.001
10,"RC","RPI","local","linear",1,0.001
10,"RC","PQ","local","linear",0.631578947368421,0.001
10,"RC","PR","local","linear",0.631578947368421,0.001
10,"RC","NRW","local","linear",0.631578947368421,0.001
10,"RC","ESP","local","linear",1,0.001
10,"RC","CEV","local","linear",1,0.001
10,"RC","PFI","local","linear",1,0.001
10,"RC","APC","local","linear",0.631578947368421,0.001
10,"RC","SI","local","linear",0.873684210526316,0.001
10,"RC","RSI","local","linear",-1,0.001
10,"RC","EVS","local","linear",0.631578947368421,0.001
10,"gPi","PPF","local","linear",0.957894736842105,0.001
10,"gPi","PPi","local","linear",1,0.001
10,"gPi","PImd","local","linear",1,0.001
10,"gPi","PILSM","local","linear",1,0.001
10,"gPi","RTR","local","linear",0.168421052631579,0.32
10,"gPi","PIR","local","linear",0.957894736842105,0.001
10,"gPi","RDPI","local","linear",1,0.001
10,"gPi","ESPI","local","linear",0.631578947368421,0.001
10,"gPi","ESPIID","local","linear",0.631578947368421,0.001
10,"gPi","PSI","local","linear",-0.631578947368421,0.001
10,"gPi","RPI","local","linear",1,0.001
10,"gPi","PQ","local","linear",0.631578947368421,0.002
10,"gPi","PR","local","linear",0.631578947368421,0.001
10,"gPi","NRW","local","linear",0.631578947368421,0.001
10,"gPi","ESP","local","linear",1,0.001
10,"gPi","CEV","local","linear",1,0.001
10,"gPi","PFI","local","linear",1,0.001
10,"gPi","APC","local","linear",0.631578947368421,0.001
10,"gPi","SI","local","linear",0.873684210526316,0.001
10,"gPi","RSI","local","linear",-1,0.001
10,"gPi","EVS","local","linear",0.631578947368421,0.001
10,"PPF","PPi","local","linear",0.957894736842105,0.001
10,"PPF","PImd","local","linear",0.957894736842105,0.001
10,"PPF","PILSM","local","linear",0.957894736842105,0.001
10,"PPF","RTR","local","linear",0.210526315789474,0.204
10,"PPF","PIR","local","linear",1,0.001
10,"PPF","RDPI","local","linear",0.957894736842105,0.001
10,"PPF","ESPI","local","linear",0.631578947368421,0.001
10,"PPF","ESPIID","local","linear",0.631578947368421,0.001
10,"PPF","PSI","local","linear",-0.631578947368421,0.001
10,"PPF","RPI","local","linear",0.957894736842105,0.001
10,"PPF","PQ","local","linear",0.631578947368421,0.001
10,"PPF","PR","local","linear",0.631578947368421,0.001
10,"PPF","NRW","local","linear",0.631578947368421,0.001
10,"PPF","ESP","local","linear",0.957894736842105,0.001
10,"PPF","CEV","local","linear",0.957894736842105,0.001
10,"PPF","PFI","local","linear",0.957894736842105,0.001
10,"PPF","APC","local","linear",0.631578947368421,0.001
10,"PPF","SI","local","linear",0.873684210526316,0.001
10,"PPF","RSI","local","linear",-0.957894736842105,0.001
10,"PPF","EVS","local","linear",0.631578947368421,0.001
10,"PPi","PImd","local","linear",1,0.001
10,"PPi","PILSM","local","linear",1,0.001
10,"PPi","RTR","local","linear",0.168421052631579,0.337
10,"PPi","PIR","local","linear",0.957894736842105,0.001
10,"PPi","RDPI","local","linear",1,0.001
10,"PPi","ESPI","local","linear",0.631578947368421,0.001
10,"PPi","ESPIID","local","linear",0.631578947368421,0.001
10,"PPi","PSI","local","linear",-0.631578947368421,0.001
10,"PPi","RPI","local","linear",1,0.001
10,"PPi","PQ","local","linear",0.631578947368421,0.001
10,"PPi","PR","local","linear",0.631578947368421,0.001
10,"PPi","NRW","local","linear",0.631578947368421,0.001
10,"PPi","ESP","local","linear",1,0.001
10,"PPi","CEV","local","linear",1,0.001
10,"PPi","PFI","local","linear",1,0.001
10,"PPi","APC","local","linear",0.631578947368421,0.001
10,"PPi","SI","local","linear",0.873684210526316,0.001
10,"PPi","RSI","local","linear",-1,0.001
10,"PPi","EVS","local","linear",0.631578947368421,0.001
10,"PImd","PILSM","local","linear",1,0.001
10,"PImd","RTR","local","linear",0.168421052631579,0.322
10,"PImd","PIR","local","linear",0.957894736842105,0.001
10,"PImd","RDPI","local","linear",1,0.001
10,"PImd","ESPI","local","linear",0.631578947368421,0.001
10,"PImd","ESPIID","local","linear",0.631578947368421,0.001
10,"PImd","PSI","local","linear",-0.631578947368421,0.001
10,"PImd","RPI","local","linear",1,0.001
10,"PImd","PQ","local","linear",0.631578947368421,0.001
10,"PImd","PR","local","linear",0.631578947368421,0.001
10,"PImd","NRW","local","linear",0.631578947368421,0.001
10,"PImd","ESP","local","linear",1,0.001
10,"PImd","CEV","local","linear",1,0.001
10,"PImd","PFI","local","linear",1,0.001
10,"PImd","APC","local","linear",0.631578947368421,0.001
10,"PImd","SI","local","linear",0.873684210526316,0.001
10,"PImd","RSI","local","linear",-1,0.001
10,"PImd","EVS","local","linear",0.631578947368421,0.001
10,"PILSM","RTR","local","linear",0.168421052631579,0.33
10,"PILSM","PIR","local","linear",0.957894736842105,0.001
10,"PILSM","RDPI","local","linear",1,0.001
10,"PILSM","ESPI","local","linear",0.631578947368421,0.001
10,"PILSM","ESPIID","local","linear",0.631578947368421,0.001
10,"PILSM","PSI","local","linear",-0.631578947368421,0.001
10,"PILSM","RPI","local","linear",1,0.001
10,"PILSM","PQ","local","linear",0.631578947368421,0.001
10,"PILSM","PR","local","linear",0.631578947368421,0.001
10,"PILSM","NRW","local","linear",0.631578947368421,0.001
10,"PILSM","ESP","local","linear",1,0.001
10,"PILSM","CEV","local","linear",1,0.001
10,"PILSM","PFI","local","linear",1,0.001
10,"PILSM","APC","local","linear",0.631578947368421,0.001
10,"PILSM","SI","local","linear",0.873684210526316,0.001
10,"PILSM","RSI","local","linear",-1,0.001
10,"PILSM","EVS","local","linear",0.631578947368421,0.001
10,"RTR","PIR","local","linear",0.210526315789474,0.217
10,"RTR","RDPI","local","linear",0.168421052631579,0.333
10,"RTR","ESPI","local","linear",0.2,0.228
10,"RTR","ESPIID","local","linear",0.2,0.256
10,"RTR","PSI","local","linear",-0.2,0.236
10,"RTR","RPI","local","linear",0.168421052631579,0.326
10,"RTR","PQ","local","linear",0.2,0.244
10,"RTR","PR","local","linear",0.2,0.239
10,"RTR","NRW","local","linear",0.2,0.245
10,"RTR","ESP","local","linear",0.168421052631579,0.339
10,"RTR","CEV","local","linear",0.168421052631579,0.316
10,"RTR","PFI","local","linear",0.168421052631579,0.319
10,"RTR","APC","local","linear",0.2,0.242
10,"RTR","SI","local","linear",0.147368421052632,0.359
10,"RTR","RSI","local","linear",-0.168421052631579,0.299
10,"RTR","EVS","local","linear",0.2,0.239
10,"PIR","RDPI","local","linear",0.957894736842105,0.001
10,"PIR","ESPI","local","linear",0.631578947368421,0.001
10,"PIR","ESPIID","local","linear",0.631578947368421,0.001
10,"PIR","PSI","local","linear",-0.631578947368421,0.001
10,"PIR","RPI","local","linear",0.957894736842105,0.001
10,"PIR","PQ","local","linear",0.631578947368421,0.001
10,"PIR","PR","local","linear",0.631578947368421,0.001
10,"PIR","NRW","local","linear",0.631578947368421,0.001
10,"PIR","ESP","local","linear",0.957894736842105,0.001
10,"PIR","CEV","local","linear",0.957894736842105,0.001
10,"PIR","PFI","local","linear",0.957894736842105,0.001
10,"PIR","APC","local","linear",0.631578947368421,0.001
10,"PIR","SI","local","linear",0.873684210526316,0.001
10,"PIR","RSI","local","linear",-0.957894736842105,0.001
10,"PIR","EVS","local","linear",0.631578947368421,0.001
10,"RDPI","ESPI","local","linear",0.631578947368421,0.001
10,"RDPI","ESPIID","local","linear",0.631578947368421,0.001
10,"RDPI","PSI","local","linear",-0.631578947368421,0.002
10,"RDPI","RPI","local","linear",1,0.001
10,"RDPI","PQ","local","linear",0.631578947368421,0.001
10,"RDPI","PR","local","linear",0.631578947368421,0.001
10,"RDPI","NRW","local","linear",0.631578947368421,0.001
10,"RDPI","ESP","local","linear",1,0.001
10,"RDPI","CEV","local","linear",1,0.001
10,"RDPI","PFI","local","linear",1,0.001
10,"RDPI","APC","local","linear",0.631578947368421,0.001
10,"RDPI","SI","local","linear",0.873684210526316,0.001
10,"RDPI","RSI","local","linear",-1,0.001
10,"RDPI","EVS","local","linear",0.631578947368421,0.001
10,"ESPI","ESPIID","local","linear",1,0.001
10,"ESPI","PSI","local","linear",-1,0.001
10,"ESPI","RPI","local","linear",0.631578947368421,0.001
10,"ESPI","PQ","local","linear",1,0.001
10,"ESPI","PR","local","linear",1,0.001
10,"ESPI","NRW","local","linear",1,0.001
10,"ESPI","ESP","local","linear",0.631578947368421,0.001
10,"ESPI","CEV","local","linear",0.631578947368421,0.001
10,"ESPI","PFI","local","linear",0.631578947368421,0.001
10,"ESPI","APC","local","linear",1,0.001
10,"ESPI","SI","local","linear",0.757894736842105,0.001
10,"ESPI","RSI","local","linear",-0.631578947368421,0.001
10,"ESPI","EVS","local","linear",1,0.001
10,"ESPIID","PSI","local","linear",-1,0.001
10,"ESPIID","RPI","local","linear",0.631578947368421,0.002
10,"ESPIID","PQ","local","linear",1,0.001
10,"ESPIID","PR","local","linear",1,0.001
10,"ESPIID","NRW","local","linear",1,0.001
10,"ESPIID","ESP","local","linear",0.631578947368421,0.001
10,"ESPIID","CEV","local","linear",0.631578947368421,0.001
10,"ESPIID","PFI","local","linear",0.631578947368421,0.001
10,"ESPIID","APC","local","linear",1,0.001
10,"ESPIID","SI","local","linear",0.757894736842105,0.001
10,"ESPIID","RSI","local","linear",-0.631578947368421,0.001
10,"ESPIID","EVS","local","linear",1,0.001
10,"PSI","RPI","local","linear",-0.631578947368421,0.002
10,"PSI","PQ","local","linear",-1,0.001
10,"PSI","PR","local","linear",-1,0.001
10,"PSI","NRW","local","linear",-1,0.001
10,"PSI","ESP","local","linear",-0.631578947368421,0.001
10,"PSI","CEV","local","linear",-0.631578947368421,0.001
10,"PSI","PFI","local","linear",-0.631578947368421,0.001
10,"PSI","APC","local","linear",-1,0.001
10,"PSI","SI","local","linear",-0.757894736842105,0.001
10,"PSI","RSI","local","linear",0.631578947368421,0.001
10,"PSI","EVS","local","linear",-1,0.001
10,"RPI","PQ","local","linear",0.631578947368421,0.001
10,"RPI","PR","local","linear",0.631578947368421,0.001
10,"RPI","NRW","local","linear",0.631578947368421,0.001
10,"RPI","ESP","local","linear",1,0.001
10,"RPI","CEV","local","linear",1,0.001
10,"RPI","PFI","local","linear",1,0.001
10,"RPI","APC","local","linear",0.631578947368421,0.001
10,"RPI","SI","local","linear",0.873684210526316,0.001
10,"RPI","RSI","local","linear",-1,0.001
10,"RPI","EVS","local","linear",0.631578947368421,0.001
10,"PQ","PR","local","linear",1,0.001
10,"PQ","NRW","local","linear",1,0.001
10,"PQ","ESP","local","linear",0.631578947368421,0.001
10,"PQ","CEV","local","linear",0.631578947368421,0.001
10,"PQ","PFI","local","linear",0.631578947368421,0.001
10,"PQ","APC","local","linear",1,0.001
10,"PQ","SI","local","linear",0.757894736842105,0.001
10,"PQ","RSI","local","linear",-0.631578947368421,0.001
10,"PQ","EVS","local","linear",1,0.001
10,"PR","NRW","local","linear",1,0.001
10,"PR","ESP","local","linear",0.631578947368421,0.001
10,"PR","CEV","local","linear",0.631578947368421,0.001
10,"PR","PFI","local","linear",0.631578947368421,0.001
10,"PR","APC","local","linear",1,0.001
10,"PR","SI","local","linear",0.757894736842105,0.001
10,"PR","RSI","local","linear",-0.631578947368421,0.001
10,"PR","EVS","local","linear",1,0.001
10,"NRW","ESP","local","linear",0.631578947368421,0.001
10,"NRW","CEV","local","linear",0.631578947368421,0.001
10,"NRW","PFI","local","linear",0.631578947368421,0.001
10,"NRW","APC","local","linear",1,0.001
10,"NRW","SI","local","linear",0.757894736842105,0.001
10,"NRW","RSI","local","linear",-0.631578947368421,0.002
10,"NRW","EVS","local","linear",1,0.001
10,"ESP","CEV","local","linear",1,0.001
10,"ESP","PFI","local","linear",1,0.001
10,"ESP","APC","local","linear",0.631578947368421,0.001
10,"ESP","SI","local","linear",0.873684210526316,0.001
10,"ESP","RSI","local","linear",-1,0.001
10,"ESP","EVS","local","linear",0.631578947368421,0.001
10,"CEV","PFI","local","linear",1,0.001
10,"CEV","APC","local","linear",0.631578947368421,0.001
10,"CEV","SI","local","linear",0.873684210526316,0.001
10,"CEV","RSI","local","linear",-1,0.001
10,"CEV","EVS","local","linear",0.631578947368421,0.001
10,"PFI","APC","local","linear",0.631578947368421,0.001
10,"PFI","SI","local","linear",0.873684210526316,0.001
10,"PFI","RSI","local","linear",-1,0.001
10,"PFI","EVS","local","linear",0.631578947368421,0.001
10,"APC","SI","local","linear",0.757894736842105,0.001
10,"APC","RSI","local","linear",-0.631578947368421,0.001
10,"APC","EVS","local","linear",1,0.001
10,"SI","RSI","local","linear",-0.873684210526316,0.001
10,"SI","EVS","local","linear",0.757894736842105,0.001
10,"RSI","EVS","local","linear",-0.631578947368421,0.001
10,"CV_t","RN","local","gaussian",0.189473684210526,0.26
10,"CV_t","RNN","local","gaussian",0.389473684210526,0.031
10,"CV_t","D_slope","local","gaussian",0.452631578947368,0.003
10,"CV_t","RC","local","gaussian",1,0.001
10,"CV_t","gPi","local","gaussian",1,0.001
10,"CV_t","PPF","local","gaussian",0.936842105263158,0.001
10,"CV_t","PPi","local","gaussian",0.936842105263158,0.001
10,"CV_t","PImd","local","gaussian",0.936842105263158,0.001
10,"CV_t","PILSM","local","gaussian",0.936842105263158,0.001
10,"CV_t","RTR","local","gaussian",0.147368421052632,0.405
10,"CV_t","PIR","local","gaussian",0.926315789473684,0.001
10,"CV_t","RDPI","local","gaussian",0.957894736842105,0.001
10,"CV_t","ESPI","local","gaussian",0.389473684210526,0.018
10,"CV_t","ESPIID","local","gaussian",0.389473684210526,0.013
10,"CV_t","PSI","local","gaussian",-0.389473684210526,0.024
10,"CV_t","RPI","local","gaussian",0.957894736842105,0.001
10,"CV_t","PQ","local","gaussian",0.389473684210526,0.015
10,"CV_t","PR","local","gaussian",0.389473684210526,0.015
10,"CV_t","NRW","local","gaussian",0.389473684210526,0.014
10,"CV_t","ESP","local","gaussian",1,0.001
10,"CV_t","CEV","local","gaussian",1,0.001
10,"CV_t","PFI","local","gaussian",1,0.001
10,"CV_t","APC","local","gaussian",0.389473684210526,0.023
10,"CV_t","SI","local","gaussian",0.757894736842105,0.001
10,"CV_t","RSI","local","gaussian",-1,0.001
10,"CV_t","EVS","local","gaussian",0.389473684210526,0.013
10,"RN","RNN","local","gaussian",0.0210526315789474,0.937
10,"RN","D_slope","local","gaussian",0.105263157894737,0.534
10,"RN","RC","local","gaussian",0.189473684210526,0.279
10,"RN","gPi","local","gaussian",0.189473684210526,0.266
10,"RN","PPF","local","gaussian",0.252631578947368,0.15
10,"RN","PPi","local","gaussian",0.252631578947368,0.141
10,"RN","PImd","local","gaussian",0.252631578947368,0.101
10,"RN","PILSM","local","gaussian",0.252631578947368,0.126
10,"RN","RTR","local","gaussian",0.726315789473684,0.001
10,"RN","PIR","local","gaussian",0.263157894736842,0.109
10,"RN","RDPI","local","gaussian",0.231578947368421,0.157
10,"RN","ESPI","local","gaussian",0.0210526315789474,0.93
10,"RN","ESPIID","local","gaussian",0.0210526315789474,0.93
10,"RN","PSI","local","gaussian",-0.0210526315789474,0.931
10,"RN","RPI","local","gaussian",0.231578947368421,0.16
10,"RN","PQ","local","gaussian",0.0210526315789474,0.919
10,"RN","PR","local","gaussian",0.0210526315789474,0.921
10,"RN","NRW","local","gaussian",0.0210526315789474,0.924
10,"RN","ESP","local","gaussian",0.189473684210526,0.242
10,"RN","CEV","local","gaussian",0.189473684210526,0.26
10,"RN","PFI","local","gaussian",0.189473684210526,0.261
10,"RN","APC","local","gaussian",0.0210526315789474,0.932
10,"RN","SI","local","gaussian",0.2,0.209
10,"RN","RSI","local","gaussian",-0.189473684210526,0.265
10,"RN","EVS","local","gaussian",0.0210526315789474,0.925
10,"RNN","D_slope","local","gaussian",0.915789473684211,0.001
10,"RNN","RC","local","gaussian",0.389473684210526,0.014
10,"RNN","gPi","local","gaussian",0.389473684210526,0.014
10,"RNN","PPF","local","gaussian",0.410526315789474,0.019
10,"RNN","PPi","local","gaussian",0.410526315789474,0.02
10,"RNN","PImd","local","gaussian",0.410526315789474,0.017
10,"RNN","PILSM","local","gaussian",0.410526315789474,0.01
10,"RNN","RTR","local","gaussian",0.0631578947368421,0.707
10,"RNN","PIR","local","gaussian",0.421052631578947,0.017
10,"RNN","RDPI","local","gaussian",0.410526315789474,0.009
10,"RNN","ESPI","local","gaussian",1,0.001
10,"RNN","ESPIID","local","gaussian",1,0.001
10,"RNN","PSI","local","gaussian",-1,0.001
10,"RNN","RPI","local","gaussian",0.410526315789474,0.013
10,"RNN","PQ","local","gaussian",1,0.001
10,"RNN","PR","local","gaussian",1,0.001
10,"RNN","NRW","local","gaussian",1,0.001
10,"RNN","ESP","local","gaussian",0.389473684210526,0.017
10,"RNN","CEV","local","gaussian",0.389473684210526,0.021
10,"RNN","PFI","local","gaussian",0.389473684210526,0.015
10,"RNN","APC","local","gaussian",1,0.001
10,"RNN","SI","local","gaussian",0.631578947368421,0.001
10,"RNN","RSI","local","gaussian",-0.389473684210526,0.02
10,"RNN","EVS","local","gaussian",1,0.001
10,"D_slope","RC","local","gaussian",0.452631578947368,0.003
10,"D_slope","gPi","local","gaussian",0.452631578947368,0.005
10,"D_slope","PPF","local","gaussian",0.473684210526316,0.005
10,"D_slope","PPi","local","gaussian",0.473684210526316,0.008
10,"D_slope","PImd","local","gaussian",0.473684210526316,0.005
10,"D_slope","PILSM","local","gaussian",0.473684210526316,0.005
10,"D_slope","RTR","local","gaussian",0.147368421052632,0.407
10,"D_slope","PIR","local","gaussian",0.48421052631579,0.003
10,"D_slope","RDPI","local","gaussian",0.473684210526316,0.001
10,"D_slope","ESPI","local","gaussian",0.915789473684211,0.001
10,"D_slope","ESPIID","local","gaussian",0.915789473684211,0.001
10,"D_slope","PSI","local","gaussian",-0.915789473684211,0.001
10,"D_slope","RPI","local","gaussian",0.473684210526316,0.005
10,"D_slope","PQ","local","gaussian",0.915789473684211,0.001
10,"D_slope","PR","local","gaussian",0.915789473684211,0.001
10,"D_slope","NRW","local","gaussian",0.915789473684211,0.001
10,"D_slope","ESP","local","gaussian",0.452631578947368,0.004
10,"D_slope","CEV","local","gaussian",0.452631578947368,0.007
10,"D_slope","PFI","local","gaussian",0.452631578947368,0.005
10,"D_slope","APC","local","gaussian",0.915789473684211,0.001
10,"D_slope","SI","local","gaussian",0.673684210526316,0.001
10,"D_slope","RSI","local","gaussian",-0.452631578947368,0.005
10,"D_slope","EVS","local","gaussian",0.915789473684211,0.001
10,"RC","gPi","local","gaussian",1,0.001
10,"RC","PPF","local","gaussian",0.936842105263158,0.001
10,"RC","PPi","local","gaussian",0.936842105263158,0.001
10,"RC","PImd","local","gaussian",0.936842105263158,0.001
10,"RC","PILSM","local","gaussian",0.936842105263158,0.001
10,"RC","RTR","local","gaussian",0.147368421052632,0.424
10,"RC","PIR","local","gaussian",0.926315789473684,0.001
10,"RC","RDPI","local","gaussian",0.957894736842105,0.001
10,"RC","ESPI","local","gaussian",0.389473684210526,0.021
10,"RC","ESPIID","local","gaussian",0.389473684210526,0.016
10,"RC","PSI","local","gaussian",-0.389473684210526,0.02
10,"RC","RPI","local","gaussian",0.957894736842105,0.001
10,"RC","PQ","local","gaussian",0.389473684210526,0.02
10,"RC","PR","local","gaussian",0.389473684210526,0.017
10,"RC","NRW","local","gaussian",0.389473684210526,0.017
10,"RC","ESP","local","gaussian",1,0.001
10,"RC","CEV","local","gaussian",1,0.001
10,"RC","PFI","local","gaussian",1,0.001
10,"RC","APC","local","gaussian",0.389473684210526,0.019
10,"RC","SI","local","gaussian",0.757894736842105,0.001
10,"RC","RSI","local","gaussian",-1,0.001
10,"RC","EVS","local","gaussian",0.389473684210526,0.018
10,"gPi","PPF","local","gaussian",0.936842105263158,0.001
10,"gPi","PPi","local","gaussian",0.936842105263158,0.001
10,"gPi","PImd","local","gaussian",0.936842105263158,0.001
10,"gPi","PILSM","local","gaussian",0.936842105263158,0.001
10,"gPi","RTR","local","gaussian",0.147368421052632,0.369
10,"gPi","PIR","local","gaussian",0.926315789473684,0.001
10,"gPi","RDPI","local","gaussian",0.957894736842105,0.001
10,"gPi","ESPI","local","gaussian",0.389473684210526,0.015
10,"gPi","ESPIID","local","gaussian",0.389473684210526,0.023
10,"gPi","PSI","local","gaussian",-0.389473684210526,0.021
10,"gPi","RPI","local","gaussian",0.957894736842105,0.001
10,"gPi","PQ","local","gaussian",0.389473684210526,0.017
10,"gPi","PR","local","gaussian",0.389473684210526,0.015
10,"gPi","NRW","local","gaussian",0.389473684210526,0.017
10,"gPi","ESP","local","gaussian",1,0.001
10,"gPi","CEV","local","gaussian",1,0.001
10,"gPi","PFI","local","gaussian",1,0.001
10,"gPi","APC","local","gaussian",0.389473684210526,0.01
10,"gPi","SI","local","gaussian",0.757894736842105,0.001
10,"gPi","RSI","local","gaussian",-1,0.001
10,"gPi","EVS","local","gaussian",0.389473684210526,0.019
10,"PPF","PPi","local","gaussian",1,0.001
10,"PPF","PImd","local","gaussian",1,0.001
10,"PPF","PILSM","local","gaussian",1,0.001
10,"PPF","RTR","local","gaussian",0.210526315789474,0.192
10,"PPF","PIR","local","gaussian",0.989473684210527,0.001
10,"PPF","RDPI","local","gaussian",0.978947368421053,0.001
10,"PPF","ESPI","local","gaussian",0.410526315789474,0.016
10,"PPF","ESPIID","local","gaussian",0.410526315789474,0.01
10,"PPF","PSI","local","gaussian",-0.410526315789474,0.014
10,"PPF","RPI","local","gaussian",0.978947368421053,0.001
10,"PPF","PQ","local","gaussian",0.410526315789474,0.007
10,"PPF","PR","local","gaussian",0.410526315789474,0.013
10,"PPF","NRW","local","gaussian",0.410526315789474,0.008
10,"PPF","ESP","local","gaussian",0.936842105263158,0.001
10,"PPF","CEV","local","gaussian",0.936842105263158,0.001
10,"PPF","PFI","local","gaussian",0.936842105263158,0.001
10,"PPF","APC","local","gaussian",0.410526315789474,0.01
10,"PPF","SI","local","gaussian",0.778947368421053,0.001
10,"PPF","RSI","local","gaussian",-0.936842105263158,0.001
10,"PPF","EVS","local","gaussian",0.410526315789474,0.01
10,"PPi","PImd","local","gaussian",1,0.001
10,"PPi","PILSM","local","gaussian",1,0.001
10,"PPi","RTR","local","gaussian",0.210526315789474,0.203
10,"PPi","PIR","local","gaussian",0.989473684210527,0.001
10,"PPi","RDPI","local","gaussian",0.978947368421053,0.001
10,"PPi","ESPI","local","gaussian",0.410526315789474,0.015
10,"PPi","ESPIID","local","gaussian",0.410526315789474,0.017
10,"PPi","PSI","local","gaussian",-0.410526315789474,0.009
10,"PPi","RPI","local","gaussian",0.978947368421053,0.001
10,"PPi","PQ","local","gaussian",0.410526315789474,0.009
10,"PPi","PR","local","gaussian",0.410526315789474,0.012
10,"PPi","NRW","local","gaussian",0.410526315789474,0.012
10,"PPi","ESP","local","gaussian",0.936842105263158,0.001
10,"PPi","CEV","local","gaussian",0.936842105263158,0.001
10,"PPi","PFI","local","gaussian",0.936842105263158,0.001
10,"PPi","APC","local","gaussian",0.410526315789474,0.013
10,"PPi","SI","local","gaussian",0.778947368421053,0.001
10,"PPi","RSI","local","gaussian",-0.936842105263158,0.001
10,"PPi","EVS","local","gaussian",0.410526315789474,0.018
10,"PImd","PILSM","local","gaussian",1,0.001
10,"PImd","RTR","local","gaussian",0.210526315789474,0.213
10,"PImd","PIR","local","gaussian",0.989473684210527,0.001
10,"PImd","RDPI","local","gaussian",0.978947368421053,0.001
10,"PImd","ESPI","local","gaussian",0.410526315789474,0.015
10,"PImd","ESPIID","local","gaussian",0.410526315789474,0.013
10,"PImd","PSI","local","gaussian",-0.410526315789474,0.012
10,"PImd","RPI","local","gaussian",0.978947368421053,0.001
10,"PImd","PQ","local","gaussian",0.410526315789474,0.013
10,"PImd","PR","local","gaussian",0.410526315789474,0.017
10,"PImd","NRW","local","gaussian",0.410526315789474,0.006
10,"PImd","ESP","local","gaussian",0.936842105263158,0.001
10,"PImd","CEV","local","gaussian",0.936842105263158,0.001
10,"PImd","PFI","local","gaussian",0.936842105263158,0.001
10,"PImd","APC","local","gaussian",0.410526315789474,0.011
10,"PImd","SI","local","gaussian",0.778947368421053,0.001
10,"PImd","RSI","local","gaussian",-0.936842105263158,0.001
10,"PImd","EVS","local","gaussian",0.410526315789474,0.016
10,"PILSM","RTR","local","gaussian",0.210526315789474,0.2
10,"PILSM","PIR","local","gaussian",0.989473684210527,0.001
10,"PILSM","RDPI","local","gaussian",0.978947368421053,0.001
10,"PILSM","ESPI","local","gaussian",0.410526315789474,0.007
10,"PILSM","ESPIID","local","gaussian",0.410526315789474,0.012
10,"PILSM","PSI","local","gaussian",-0.410526315789474,0.016
10,"PILSM","RPI","local","gaussian",0.978947368421053,0.001
10,"PILSM","PQ","local","gaussian",0.410526315789474,0.005
10,"PILSM","PR","local","gaussian",0.410526315789474,0.014
10,"PILSM","NRW","local","gaussian",0.410526315789474,0.019
10,"PILSM","ESP","local","gaussian",0.936842105263158,0.001
10,"PILSM","CEV","local","gaussian",0.936842105263158,0.001
10,"PILSM","PFI","local","gaussian",0.936842105263158,0.001
10,"PILSM","APC","local","gaussian",0.410526315789474,0.014
10,"PILSM","SI","local","gaussian",0.778947368421053,0.001
10,"PILSM","RSI","local","gaussian",-0.936842105263158,0.001
10,"PILSM","EVS","local","gaussian",0.410526315789474,0.012
10,"RTR","PIR","local","gaussian",0.221052631578947,0.189
10,"RTR","RDPI","local","gaussian",0.189473684210526,0.251
10,"RTR","ESPI","local","gaussian",0.0631578947368421,0.706
10,"RTR","ESPIID","local","gaussian",0.0631578947368421,0.726
10,"RTR","PSI","local","gaussian",-0.0631578947368421,0.742
10,"RTR","RPI","local","gaussian",0.189473684210526,0.232
10,"RTR","PQ","local","gaussian",0.0631578947368421,0.716
10,"RTR","PR","local","gaussian",0.0631578947368421,0.75
10,"RTR","NRW","local","gaussian",0.0631578947368421,0.717
10,"RTR","ESP","local","gaussian",0.147368421052632,0.362
10,"RTR","CEV","local","gaussian",0.147368421052632,0.36
10,"RTR","PFI","local","gaussian",0.147368421052632,0.41
10,"RTR","APC","local","gaussian",0.0631578947368421,0.744
10,"RTR","SI","local","gaussian",0.115789473684211,0.511
10,"RTR","RSI","local","gaussian",-0.147368421052632,0.379
10,"RTR","EVS","local","gaussian",0.0631578947368421,0.725
10,"PIR","RDPI","local","gaussian",0.968421052631579,0.001
10,"PIR","ESPI","local","gaussian",0.421052631578947,0.012
10,"PIR","ESPIID","local","gaussian",0.421052631578947,0.012
10,"PIR","PSI","local","gaussian",-0.421052631578947,0.008
10,"PIR","RPI","local","gaussian",0.968421052631579,0.001
10,"PIR","PQ","local","gaussian",0.421052631578947,0.008
10,"PIR","PR","local","gaussian",0.421052631578947,0.015
10,"PIR","NRW","local","gaussian",0.421052631578947,0.008
10,"PIR","ESP","local","gaussian",0.926315789473684,0.001
10,"PIR","CEV","local","gaussian",0.926315789473684,0.001
10,"PIR","PFI","local","gaussian",0.926315789473684,0.001
10,"PIR","APC","local","gaussian",0.421052631578947,0.009
10,"PIR","SI","local","gaussian",0.789473684210526,0.001
10,"PIR","RSI","local","gaussian",-0.926315789473684,0.001
10,"PIR","EVS","local","gaussian",0.421052631578947,0.015
10,"RDPI","ESPI","local","gaussian",0.410526315789474,0.009
10,"RDPI","ESPIID","local","gaussian",0.410526315789474,0.012
10,"RDPI","PSI","local","gaussian",-0.410526315789474,0.014
10,"RDPI","RPI","local","gaussian",1,0.001
10,"RDPI","PQ","local","gaussian",0.410526315789474,0.012
10,"RDPI","PR","local","gaussian",0.410526315789474,0.015
10,"RDPI","NRW","local","gaussian",0.410526315789474,0.011
10,"RDPI","ESP","local","gaussian",0.957894736842105,0.001
10,"RDPI","CEV","local","gaussian",0.957894736842105,0.001
10,"RDPI","PFI","local","gaussian",0.957894736842105,0.001
10,"RDPI","APC","local","gaussian",0.410526315789474,0.017
10,"RDPI","SI","local","gaussian",0.778947368421053,0.001
10,"RDPI","RSI","local","gaussian",-0.957894736842105,0.001
10,"RDPI","EVS","local","gaussian",0.410526315789474,0.008
10,"ESPI","ESPIID","local","gaussian",1,0.001
10,"ESPI","PSI","local","gaussian",-1,0.001
10,"ESPI","RPI","local","gaussian",0.410526315789474,0.017
10,"ESPI","PQ","local","gaussian",1,0.001
10,"ESPI","PR","local","gaussian",1,0.001
10,"ESPI","NRW","local","gaussian",1,0.001
10,"ESPI","ESP","local","gaussian",0.389473684210526,0.015
10,"ESPI","CEV","local","gaussian",0.389473684210526,0.019
10,"ESPI","PFI","local","gaussian",0.389473684210526,0.018
10,"ESPI","APC","local","gaussian",1,0.001
10,"ESPI","SI","local","gaussian",0.631578947368421,0.001
10,"ESPI","RSI","local","gaussian",-0.389473684210526,0.02
10,"ESPI","EVS","local","gaussian",1,0.001
10,"ESPIID","PSI","local","gaussian",-1,0.001
10,"ESPIID","RPI","local","gaussian",0.410526315789474,0.013
10,"ESPIID","PQ","local","gaussian",1,0.001
10,"ESPIID","PR","local","gaussian",1,0.001
10,"ESPIID","NRW","local","gaussian",1,0.001
10,"ESPIID","ESP","local","gaussian",0.389473684210526,0.012
10,"ESPIID","CEV","local","gaussian",0.389473684210526,0.019
10,"ESPIID","PFI","local","gaussian",0.389473684210526,0.021
10,"ESPIID","APC","local","gaussian",1,0.001
10,"ESPIID","SI","local","gaussian",0.631578947368421,0.001
10,"ESPIID","RSI","local","gaussian",-0.389473684210526,0.022
10,"ESPIID","EVS","local","gaussian",1,0.001
10,"PSI","RPI","local","gaussian",-0.410526315789474,0.017
10,"PSI","PQ","local","gaussian",-1,0.001
10,"PSI","PR","local","gaussian",-1,0.001
10,"PSI","NRW","local","gaussian",-1,0.001
10,"PSI","ESP","local","gaussian",-0.389473684210526,0.017
10,"PSI","CEV","local","gaussian",-0.389473684210526,0.019
10,"PSI","PFI","local","gaussian",-0.389473684210526,0.02
10,"PSI","APC","local","gaussian",-1,0.001
10,"PSI","SI","local","gaussian",-0.631578947368421,0.001
10,"PSI","RSI","local","gaussian",0.389473684210526,0.01
10,"PSI","EVS","local","gaussian",-1,0.001
10,"RPI","PQ","local","gaussian",0.410526315789474,0.014
10,"RPI","PR","local","gaussian",0.410526315789474,0.022
10,"RPI","NRW","local","gaussian",0.410526315789474,0.019
10,"RPI","ESP","local","gaussian",0.957894736842105,0.001
10,"RPI","CEV","local","gaussian",0.957894736842105,0.001
10,"RPI","PFI","local","gaussian",0.957894736842105,0.001
10,"RPI","APC","local","gaussian",0.410526315789474,0.013
10,"RPI","SI","local","gaussian",0.778947368421053,0.001
10,"RPI","RSI","local","gaussian",-0.957894736842105,0.001
10,"RPI","EVS","local","gaussian",0.410526315789474,0.012
10,"PQ","PR","local","gaussian",1,0.001
10,"PQ","NRW","local","gaussian",1,0.001
10,"PQ","ESP","local","gaussian",0.389473684210526,0.02
10,"PQ","CEV","local","gaussian",0.389473684210526,0.021
10,"PQ","PFI","local","gaussian",0.389473684210526,0.008
10,"PQ","APC","local","gaussian",1,0.001
10,"PQ","SI","local","gaussian",0.631578947368421,0.001
10,"PQ","RSI","local","gaussian",-0.389473684210526,0.014
10,"PQ","EVS","local","gaussian",1,0.001
10,"PR","NRW","local","gaussian",1,0.001
10,"PR","ESP","local","gaussian",0.389473684210526,0.018
10,"PR","CEV","local","gaussian",0.389473684210526,0.012
10,"PR","PFI","local","gaussian",0.389473684210526,0.021
10,"PR","APC","local","gaussian",1,0.001
10,"PR","SI","local","gaussian",0.631578947368421,0.001
10,"PR","RSI","local","gaussian",-0.389473684210526,0.013
10,"PR","EVS","local","gaussian",1,0.001
10,"NRW","ESP","local","gaussian",0.389473684210526,0.025
10,"NRW","CEV","local","gaussian",0.389473684210526,0.009
10,"NRW","PFI","local","gaussian",0.389473684210526,0.019
10,"NRW","APC","local","gaussian",1,0.001
10,"NRW","SI","local","gaussian",0.631578947368421,0.001
10,"NRW","RSI","local","gaussian",-0.389473684210526,0.024
10,"NRW","EVS","local","gaussian",1,0.001
10,"ESP","CEV","local","gaussian",1,0.001
10,"ESP","PFI","local","gaussian",1,0.001
10,"ESP","APC","local","gaussian",0.389473684210526,0.016
10,"ESP","SI","local","gaussian",0.757894736842105,0.001
10,"ESP","RSI","local","gaussian",-1,0.001
10,"ESP","EVS","local","gaussian",0.389473684210526,0.024
10,"CEV","PFI","local","gaussian",1,0.001
10,"CEV","APC","local","gaussian",0.389473684210526,0.016
10,"CEV","SI","local","gaussian",0.757894736842105,0.001
10,"CEV","RSI","local","gaussian",-1,0.001
10,"CEV","EVS","local","gaussian",0.389473684210526,0.013
10,"PFI","APC","local","gaussian",0.389473684210526,0.021
10,"PFI","SI","local","gaussian",0.757894736842105,0.001
10,"PFI","RSI","local","gaussian",-1,0.001
10,"PFI","EVS","local","gaussian",0.389473684210526,0.014
10,"APC","SI","local","gaussian",0.631578947368421,0.001
10,"APC","RSI","local","gaussian",-0.389473684210526,0.023
10,"APC","EVS","local","gaussian",1,0.001
10,"SI","RSI","local","gaussian",-0.757894736842105,0.001
10,"SI","EVS","local","gaussian",0.631578947368421,0.001
10,"RSI","EVS","local","gaussian",-0.389473684210526,0.02
10,"CV_t","RN","local","sinusoidal",0.0210526315789474,0.921
10,"CV_t","RNN","local","sinusoidal",0.4,0.007
10,"CV_t","D_slope","local","sinusoidal",0.347368421052632,0.037
10,"CV_t","RC","local","sinusoidal",1,0.001
10,"CV_t","gPi","local","sinusoidal",1,0.001
10,"CV_t","PPF","local","sinusoidal",0.747368421052632,0.001
10,"CV_t","PPi","local","sinusoidal",0.978947368421053,0.001
10,"CV_t","PImd","local","sinusoidal",0.978947368421053,0.001
10,"CV_t","PILSM","local","sinusoidal",0.978947368421053,0.001
10,"CV_t","RTR","local","sinusoidal",-0.0210526315789474,0.914
10,"CV_t","PIR","local","sinusoidal",0.8,0.001
10,"CV_t","RDPI","local","sinusoidal",0.968421052631579,0.001
10,"CV_t","ESPI","local","sinusoidal",0.4,0.014
10,"CV_t","ESPIID","local","sinusoidal",0.4,0.015
10,"CV_t","PSI","local","sinusoidal",-0.4,0.014
10,"CV_t","RPI","local","sinusoidal",0.968421052631579,0.001
10,"CV_t","PQ","local","sinusoidal",0.4,0.01
10,"CV_t","PR","local","sinusoidal",0.4,0.007
10,"CV_t","NRW","local","sinusoidal",0.4,0.011
10,"CV_t","ESP","local","sinusoidal",1,0.001
10,"CV_t","CEV","local","sinusoidal",1,0.001
10,"CV_t","PFI","local","sinusoidal",1,0.001
10,"CV_t","APC","local","sinusoidal",0.4,0.012
10,"CV_t","SI","local","sinusoidal",0.705263157894737,0.001
10,"CV_t","RSI","local","sinusoidal",-1,0.001
10,"CV_t","EVS","local","sinusoidal",0.4,0.01
10,"RN","RNN","local","sinusoidal",0.0105263157894737,0.971
10,"RN","D_slope","local","sinusoidal",0.0631578947368421,0.73
10,"RN","RC","local","sinusoidal",0.0210526315789474,0.929
10,"RN","gPi","local","sinusoidal",0.0210526315789474,0.932
10,"RN","PPF","local","sinusoidal",0.273684210526316,0.097
10,"RN","PPi","local","sinusoidal",0,1
10,"RN","PImd","local","sinusoidal",0,1
10,"RN","PILSM","local","sinusoidal",0,1
10,"RN","RTR","local","sinusoidal",0.68421052631579,0.001
10,"RN","PIR","local","sinusoidal",0.221052631578947,0.187
10,"RN","RDPI","local","sinusoidal",-0.0105263157894737,0.977
10,"RN","ESPI","local","sinusoidal",0.0105263157894737,0.978
10,"RN","ESPIID","local","sinusoidal",0.0105263157894737,0.975
10,"RN","PSI","local","sinusoidal",-0.0105263157894737,0.977
10,"RN","RPI","local","sinusoidal",-0.0105263157894737,0.971
10,"RN","PQ","local","sinusoidal",0.0105263157894737,0.97
10,"RN","PR","local","sinusoidal",0.0105263157894737,0.97
10,"RN","NRW","local","sinusoidal",0.0105263157894737,0.978
10,"RN","ESP","local","sinusoidal",0.0210526315789474,0.922
10,"RN","CEV","local","sinusoidal",0.0210526315789474,0.927
10,"RN","PFI","local","sinusoidal",0.0210526315789474,0.928
10,"RN","APC","local","sinusoidal",0.0105263157894737,0.975
10,"RN","SI","local","sinusoidal",0.0631578947368421,0.744
10,"RN","RSI","local","sinusoidal",-0.0210526315789474,0.932
10,"RN","EVS","local","sinusoidal",0.0105263157894737,0.982
10,"RNN","D_slope","local","sinusoidal",0.947368421052632,0.001
10,"RNN","RC","local","sinusoidal",0.4,0.014
10,"RNN","gPi","local","sinusoidal",0.4,0.014
10,"RNN","PPF","local","sinusoidal",0.336842105263158,0.033
10,"RNN","PPi","local","sinusoidal",0.4,0.01
10,"RNN","PImd","local","sinusoidal",0.4,0.009
10,"RNN","PILSM","local","sinusoidal",0.4,0.009
10,"RNN","RTR","local","sinusoidal",0.0526315789473684,0.791
10,"RNN","PIR","local","sinusoidal",0.347368421052632,0.03
10,"RNN","RDPI","local","sinusoidal",0.389473684210526,0.027
10,"RNN","ESPI","local","sinusoidal",1,0.001
10,"RNN","ESPIID","local","sinusoidal",1,0.001
10,"RNN","PSI","local","sinusoidal",-1,0.001
10,"RNN","RPI","local","sinusoidal",0.389473684210526,0.027
10,"RNN","PQ","local","sinusoidal",1,0.001
10,"RNN","PR","local","sinusoidal",1,0.001
10,"RNN","NRW","local","sinusoidal",1,0.001
10,"RNN","ESP","local","sinusoidal",0.4,0.021
10,"RNN","CEV","local","sinusoidal",0.4,0.02
10,"RNN","PFI","local","sinusoidal",0.4,0.017
10,"RNN","APC","local","sinusoidal",1,0.001
10,"RNN","SI","local","sinusoidal",0.694736842105263,0.001
10,"RNN","RSI","local","sinusoidal",-0.4,0.011
10,"RNN","EVS","local","sinusoidal",1,0.001
10,"D_slope","RC","local","sinusoidal",0.347368421052632,0.034
10,"D_slope","gPi","local","sinusoidal",0.347368421052632,0.037
10,"D_slope","PPF","local","sinusoidal",0.347368421052632,0.03
10,"D_slope","PPi","local","sinusoidal",0.347368421052632,0.034
10,"D_slope","PImd","local","sinusoidal",0.347368421052632,0.028
10,"D_slope","PILSM","local","sinusoidal",0.347368421052632,0.033
10,"D_slope","RTR","local","sinusoidal",0.105263157894737,0.563
10,"D_slope","PIR","local","sinusoidal",0.336842105263158,0.055
10,"D_slope","RDPI","local","sinusoidal",0.336842105263158,0.039
10,"D_slope","ESPI","local","sinusoidal",0.947368421052632,0.001
10,"D_slope","ESPIID","local","sinusoidal",0.947368421052632,0.001
10,"D_slope","PSI","local","sinusoidal",-0.947368421052632,0.001
10,"D_slope","RPI","local","sinusoidal",0.336842105263158,0.039
10,"D_slope","PQ","local","sinusoidal",0.947368421052632,0.001
10,"D_slope","PR","local","sinusoidal",0.947368421052632,0.001
10,"D_slope","NRW","local","sinusoidal",0.947368421052632,0.001
10,"D_slope","ESP","local","sinusoidal",0.347368421052632,0.032
10,"D_slope","CEV","local","sinusoidal",0.347368421052632,0.034
10,"D_slope","PFI","local","sinusoidal",0.347368421052632,0.036
10,"D_slope","APC","local","sinusoidal",0.947368421052632,0.001
10,"D_slope","SI","local","sinusoidal",0.642105263157895,0.001
10,"D_slope","RSI","local","sinusoidal",-0.347368421052632,0.03
10,"D_slope","EVS","local","sinusoidal",0.947368421052632,0.001
10,"RC","gPi","local","sinusoidal",1,0.001
10,"RC","PPF","local","sinusoidal",0.747368421052632,0.001
10,"RC","PPi","local","sinusoidal",0.978947368421053,0.001
10,"RC","PImd","local","sinusoidal",0.978947368421053,0.001
10,"RC","PILSM","local","sinusoidal",0.978947368421053,0.001
10,"RC","RTR","local","sinusoidal",-0.0210526315789474,0.931
10,"RC","PIR","local","sinusoidal",0.8,0.001
10,"RC","RDPI","local","sinusoidal",0.968421052631579,0.001
10,"RC","ESPI","local","sinusoidal",0.4,0.01
10,"RC","ESPIID","local","sinusoidal",0.4,0.021
10,"RC","PSI","local","sinusoidal",-0.4,0.015
10,"RC","RPI","local","sinusoidal",0.968421052631579,0.001
10,"RC","PQ","local","sinusoidal",0.4,0.008
10,"RC","PR","local","sinusoidal",0.4,0.021
10,"RC","NRW","local","sinusoidal",0.4,0.017
10,"RC","ESP","local","sinusoidal",1,0.001
10,"RC","CEV","local","sinusoidal",1,0.001
10,"RC","PFI","local","sinusoidal",1,0.001
10,"RC","APC","local","sinusoidal",0.4,0.015
10,"RC","SI","local","sinusoidal",0.705263157894737,0.001
10,"RC","RSI","local","sinusoidal",-1,0.001
10,"RC","EVS","local","sinusoidal",0.4,0.013
10,"gPi","PPF","local","sinusoidal",0.747368421052632,0.001
10,"gPi","PPi","local","sinusoidal",0.978947368421053,0.001
10,"gPi","PImd","local","sinusoidal",0.978947368421053,0.001
10,"gPi","PILSM","local","sinusoidal",0.978947368421053,0.001
10,"gPi","RTR","local","sinusoidal",-0.0210526315789474,0.93
10,"gPi","PIR","local","sinusoidal",0.8,0.001
10,"gPi","RDPI","local","sinusoidal",0.968421052631579,0.001
10,"gPi","ESPI","local","sinusoidal",0.4,0.013
10,"gPi","ESPIID","local","sinusoidal",0.4,0.015
10,"gPi","PSI","local","sinusoidal",-0.4,0.016
10,"gPi","RPI","local","sinusoidal",0.968421052631579,0.001
10,"gPi","PQ","local","sinusoidal",0.4,0.016
10,"gPi","PR","local","sinusoidal",0.4,0.02
10,"gPi","NRW","local","sinusoidal",0.4,0.013
10,"gPi","ESP","local","sinusoidal",1,0.001
10,"gPi","CEV","local","sinusoidal",1,0.001
10,"gPi","PFI","local","sinusoidal",1,0.001
10,"gPi","APC","local","sinusoidal",0.4,0.016
10,"gPi","SI","local","sinusoidal",0.705263157894737,0.001
10,"gPi","RSI","local","sinusoidal",-1,0.001
10,"gPi","EVS","local","sinusoidal",0.4,0.02
10,"PPF","PPi","local","sinusoidal",0.726315789473684,0.001
10,"PPF","PImd","local","sinusoidal",0.726315789473684,0.001
10,"PPF","PILSM","local","sinusoidal",0.726315789473684,0.001
10,"PPF","RTR","local","sinusoidal",0.231578947368421,0.165
10,"PPF","PIR","local","sinusoidal",0.947368421052632,0.001
10,"PPF","RDPI","local","sinusoidal",0.715789473684211,0.001
10,"PPF","ESPI","local","sinusoidal",0.336842105263158,0.049
10,"PPF","ESPIID","local","sinusoidal",0.336842105263158,0.028
10,"PPF","PSI","local","sinusoidal",-0.336842105263158,0.057
10,"PPF","RPI","local","sinusoidal",0.715789473684211,0.001
10,"PPF","PQ","local","sinusoidal",0.336842105263158,0.041
10,"PPF","PR","local","sinusoidal",0.336842105263158,0.045
10,"PPF","NRW","local","sinusoidal",0.336842105263158,0.034
10,"PPF","ESP","local","sinusoidal",0.747368421052632,0.001
10,"PPF","CEV","local","sinusoidal",0.747368421052632,0.001
10,"PPF","PFI","local","sinusoidal",0.747368421052632,0.001
10,"PPF","APC","local","sinusoidal",0.336842105263158,0.035
10,"PPF","SI","local","sinusoidal",0.557894736842105,0.002
10,"PPF","RSI","local","sinusoidal",-0.747368421052632,0.001
10,"PPF","EVS","local","sinusoidal",0.336842105263158,0.041
10,"PPi","PImd","local","sinusoidal",1,0.001
10,"PPi","PILSM","local","sinusoidal",1,0.001
10,"PPi","RTR","local","sinusoidal",-0.0421052631578947,0.83
10,"PPi","PIR","local","sinusoidal",0.778947368421053,0.001
10,"PPi","RDPI","local","sinusoidal",0.989473684210527,0.001
10,"PPi","ESPI","local","sinusoidal",0.4,0.014
10,"PPi","ESPIID","local","sinusoidal",0.4,0.01
10,"PPi","PSI","local","sinusoidal",-0.4,0.012
10,"PPi","RPI","local","sinusoidal",0.989473684210527,0.001
10,"PPi","PQ","local","sinusoidal",0.4,0.015
10,"PPi","PR","local","sinusoidal",0.4,0.014
10,"PPi","NRW","local","sinusoidal",0.4,0.013
10,"PPi","ESP","local","sinusoidal",0.978947368421053,0.001
10,"PPi","CEV","local","sinusoidal",0.978947368421053,0.001
10,"PPi","PFI","local","sinusoidal",0.978947368421053,0.001
10,"PPi","APC","local","sinusoidal",0.4,0.01
10,"PPi","SI","local","sinusoidal",0.705263157894737,0.001
10,"PPi","RSI","local","sinusoidal",-0.978947368421053,0.001
10,"PPi","EVS","local","sinusoidal",0.4,0.012
10,"PImd","PILSM","local","sinusoidal",1,0.001
10,"PImd","RTR","local","sinusoidal",-0.0421052631578947,0.835
10,"PImd","PIR","local","sinusoidal",0.778947368421053,0.001
10,"PImd","RDPI","local","sinusoidal",0.989473684210527,0.001
10,"PImd","ESPI","local","sinusoidal",0.4,0.012
10,"PImd","ESPIID","local","sinusoidal",0.4,0.017
10,"PImd","PSI","local","sinusoidal",-0.4,0.015
10,"PImd","RPI","local","sinusoidal",0.989473684210527,0.001
10,"PImd","PQ","local","sinusoidal",0.4,0.021
10,"PImd","PR","local","sinusoidal",0.4,0.015
10,"PImd","NRW","local","sinusoidal",0.4,0.013
10,"PImd","ESP","local","sinusoidal",0.978947368421053,0.001
10,"PImd","CEV","local","sinusoidal",0.978947368421053,0.001
10,"PImd","PFI","local","sinusoidal",0.978947368421053,0.001
10,"PImd","APC","local","sinusoidal",0.4,0.008
10,"PImd","SI","local","sinusoidal",0.705263157894737,0.001
10,"PImd","RSI","local","sinusoidal",-0.978947368421053,0.001
10,"PImd","EVS","local","sinusoidal",0.4,0.016
10,"PILSM","RTR","local","sinusoidal",-0.0421052631578947,0.824
10,"PILSM","PIR","local","sinusoidal",0.778947368421053,0.001
10,"PILSM","RDPI","local","sinusoidal",0.989473684210527,0.001
10,"PILSM","ESPI","local","sinusoidal",0.4,0.01
10,"PILSM","ESPIID","local","sinusoidal",0.4,0.01
10,"PILSM","PSI","local","sinusoidal",-0.4,0.023
10,"PILSM","RPI","local","sinusoidal",0.989473684210527,0.001
10,"PILSM","PQ","local","sinusoidal",0.4,0.018
10,"PILSM","PR","local","sinusoidal",0.4,0.011
10,"PILSM","NRW","local","sinusoidal",0.4,0.016
10,"PILSM","ESP","local","sinusoidal",0.978947368421053,0.001
10,"PILSM","CEV","local","sinusoidal",0.978947368421053,0.001
10,"PILSM","PFI","local","sinusoidal",0.978947368421053,0.001
10,"PILSM","APC","local","sinusoidal",0.4,0.015
10,"PILSM","SI","local","sinusoidal",0.705263157894737,0.001
10,"PILSM","RSI","local","sinusoidal",-0.978947368421053,0.001
10,"PILSM","EVS","local","sinusoidal",0.4,0.008
10,"RTR","PIR","local","sinusoidal",0.178947368421053,0.277
10,"RTR","RDPI","local","sinusoidal",-0.0526315789473684,0.797
10,"RTR","ESPI","local","sinusoidal",0.0526315789473684,0.763
10,"RTR","ESPIID","local","sinusoidal",0.0526315789473684,0.763
10,"RTR","PSI","local","sinusoidal",-0.0526315789473684,0.771
10,"RTR","RPI","local","sinusoidal",-0.0526315789473684,0.781
10,"RTR","PQ","local","sinusoidal",0.0526315789473684,0.723
10,"RTR","PR","local","sinusoidal",0.0526315789473684,0.74
10,"RTR","NRW","local","sinusoidal",0.0526315789473684,0.793
10,"RTR","ESP","local","sinusoidal",-0.0210526315789474,0.928
10,"RTR","CEV","local","sinusoidal",-0.0210526315789474,0.935
10,"RTR","PFI","local","sinusoidal",-0.0210526315789474,0.927
10,"RTR","APC","local","sinusoidal",0.0526315789473684,0.773
10,"RTR","SI","local","sinusoidal",-0.0421052631578947,0.851
10,"RTR","RSI","local","sinusoidal",0.0210526315789474,0.924
10,"RTR","EVS","local","sinusoidal",0.0526315789473684,0.755
10,"PIR","RDPI","local","sinusoidal",0.768421052631579,0.001
10,"PIR","ESPI","local","sinusoidal",0.347368421052632,0.037
10,"PIR","ESPIID","local","sinusoidal",0.347368421052632,0.031
10,"PIR","PSI","local","sinusoidal",-0.347368421052632,0.022
10,"PIR","RPI","local","sinusoidal",0.768421052631579,0.001
10,"PIR","PQ","local","sinusoidal",0.347368421052632,0.035
10,"PIR","PR","local","sinusoidal",0.347368421052632,0.035
10,"PIR","NRW","local","sinusoidal",0.347368421052632,0.035
10,"PIR","ESP","local","sinusoidal",0.8,0.001
10,"PIR","CEV","local","sinusoidal",0.8,0.001
10,"PIR","PFI","local","sinusoidal",0.8,0.001
10,"PIR","APC","local","sinusoidal",0.347368421052632,0.039
10,"PIR","SI","local","sinusoidal",0.610526315789474,0.001
10,"PIR","RSI","local","sinusoidal",-0.8,0.001
10,"PIR","EVS","local","sinusoidal",0.347368421052632,0.033
10,"RDPI","ESPI","local","sinusoidal",0.389473684210526,0.016
10,"RDPI","ESPIID","local","sinusoidal",0.389473684210526,0.016
10,"RDPI","PSI","local","sinusoidal",-0.389473684210526,0.02
10,"RDPI","RPI","local","sinusoidal",1,0.001
10,"RDPI","PQ","local","sinusoidal",0.389473684210526,0.01
10,"RDPI","PR","local","sinusoidal",0.389473684210526,0.014
10,"RDPI","NRW","local","sinusoidal",0.389473684210526,0.016
10,"RDPI","ESP","local","sinusoidal",0.968421052631579,0.001
10,"RDPI","CEV","local","sinusoidal",0.968421052631579,0.001
10,"RDPI","PFI","local","sinusoidal",0.968421052631579,0.001
10,"RDPI","APC","local","sinusoidal",0.389473684210526,0.016
10,"RDPI","SI","local","sinusoidal",0.694736842105263,0.001
10,"RDPI","RSI","local","sinusoidal",-0.968421052631579,0.001
10,"RDPI","EVS","local","sinusoidal",0.389473684210526,0.008
10,"ESPI","ESPIID","local","sinusoidal",1,0.001
10,"ESPI","PSI","local","sinusoidal",-1,0.001
10,"ESPI","RPI","local","sinusoidal",0.389473684210526,0.012
10,"ESPI","PQ","local","sinusoidal",1,0.001
10,"ESPI","PR","local","sinusoidal",1,0.001
10,"ESPI","NRW","local","sinusoidal",1,0.001
10,"ESPI","ESP","local","sinusoidal",0.4,0.023
10,"ESPI","CEV","local","sinusoidal",0.4,0.014
10,"ESPI","PFI","local","sinusoidal",0.4,0.017
10,"ESPI","APC","local","sinusoidal",1,0.001
10,"ESPI","SI","local","sinusoidal",0.694736842105263,0.001
10,"ESPI","RSI","local","sinusoidal",-0.4,0.014
10,"ESPI","EVS","local","sinusoidal",1,0.001
10,"ESPIID","PSI","local","sinusoidal",-1,0.001
10,"ESPIID","RPI","local","sinusoidal",0.389473684210526,0.019
10,"ESPIID","PQ","local","sinusoidal",1,0.001
10,"ESPIID","PR","local","sinusoidal",1,0.001
10,"ESPIID","NRW","local","sinusoidal",1,0.001
10,"ESPIID","ESP","local","sinusoidal",0.4,0.018
10,"ESPIID","CEV","local","sinusoidal",0.4,0.007
10,"ESPIID","PFI","local","sinusoidal",0.4,0.017
10,"ESPIID","APC","local","sinusoidal",1,0.001
10,"ESPIID","SI","local","sinusoidal",0.694736842105263,0.001
10,"ESPIID","RSI","local","sinusoidal",-0.4,0.009
10,"ESPIID","EVS","local","sinusoidal",1,0.001
10,"PSI","RPI","local","sinusoidal",-0.389473684210526,0.015
10,"PSI","PQ","local","sinusoidal",-1,0.001
10,"PSI","PR","local","sinusoidal",-1,0.001
10,"PSI","NRW","local","sinusoidal",-1,0.001
10,"PSI","ESP","local","sinusoidal",-0.4,0.013
10,"PSI","CEV","local","sinusoidal",-0.4,0.011
10,"PSI","PFI","local","sinusoidal",-0.4,0.011
10,"PSI","APC","local","sinusoidal",-1,0.001
10,"PSI","SI","local","sinusoidal",-0.694736842105263,0.001
10,"PSI","RSI","local","sinusoidal",0.4,0.015
10,"PSI","EVS","local","sinusoidal",-1,0.001
10,"RPI","PQ","local","sinusoidal",0.389473684210526,0.017
10,"RPI","PR","local","sinusoidal",0.389473684210526,0.024
10,"RPI","NRW","local","sinusoidal",0.389473684210526,0.018
10,"RPI","ESP","local","sinusoidal",0.968421052631579,0.001
10,"RPI","CEV","local","sinusoidal",0.968421052631579,0.001
10,"RPI","PFI","local","sinusoidal",0.968421052631579,0.001
10,"RPI","APC","local","sinusoidal",0.389473684210526,0.023
10,"RPI","SI","local","sinusoidal",0.694736842105263,0.001
10,"RPI","RSI","local","sinusoidal",-0.968421052631579,0.001
10,"RPI","EVS","local","sinusoidal",0.389473684210526,0.021
10,"PQ","PR","local","sinusoidal",1,0.001
10,"PQ","NRW","local","sinusoidal",1,0.001
10,"PQ","ESP","local","sinusoidal",0.4,0.017
10,"PQ","CEV","local","sinusoidal",0.4,0.013
10,"PQ","PFI","local","sinusoidal",0.4,0.014
10,"PQ","APC","local","sinusoidal",1,0.001
10,"PQ","SI","local","sinusoidal",0.694736842105263,0.001
10,"PQ","RSI","local","sinusoidal",-0.4,0.015
10,"PQ","EVS","local","sinusoidal",1,0.001
10,"PR","NRW","local","sinusoidal",1,0.001
10,"PR","ESP","local","sinusoidal",0.4,0.013
10,"PR","CEV","local","sinusoidal",0.4,0.007
10,"PR","PFI","local","sinusoidal",0.4,0.011
10,"PR","APC","local","sinusoidal",1,0.001
10,"PR","SI","local","sinusoidal",0.694736842105263,0.001
10,"PR","RSI","local","sinusoidal",-0.4,0.016
10,"PR","EVS","local","sinusoidal",1,0.001
10,"NRW","ESP","local","sinusoidal",0.4,0.01
10,"NRW","CEV","local","sinusoidal",0.4,0.01
10,"NRW","PFI","local","sinusoidal",0.4,0.016
10,"NRW","APC","local","sinusoidal",1,0.001
10,"NRW","SI","local","sinusoidal",0.694736842105263,0.001
10,"NRW","RSI","local","sinusoidal",-0.4,0.012
10,"NRW","EVS","local","sinusoidal",1,0.001
10,"ESP","CEV","local","sinusoidal",1,0.001
10,"ESP","PFI","local","sinusoidal",1,0.001
10,"ESP","APC","local","sinusoidal",0.4,0.015
10,"ESP","SI","local","sinusoidal",0.705263157894737,0.001
10,"ESP","RSI","local","sinusoidal",-1,0.001
10,"ESP","EVS","local","sinusoidal",0.4,0.015
10,"CEV","PFI","local","sinusoidal",1,0.001
10,"CEV","APC","local","sinusoidal",0.4,0.014
10,"CEV","SI","local","sinusoidal",0.705263157894737,0.001
10,"CEV","RSI","local","sinusoidal",-1,0.001
10,"CEV","EVS","local","sinusoidal",0.4,0.013
10,"PFI","APC","local","sinusoidal",0.4,0.017
10,"PFI","SI","local","sinusoidal",0.705263157894737,0.001
10,"PFI","RSI","local","sinusoidal",-1,0.001
10,"PFI","EVS","local","sinusoidal",0.4,0.013
10,"APC","SI","local","sinusoidal",0.694736842105263,0.001
10,"APC","RSI","local","sinusoidal",-0.4,0.01
10,"APC","EVS","local","sinusoidal",1,0.001
10,"SI","RSI","local","sinusoidal",-0.705263157894737,0.001
10,"SI","EVS","local","sinusoidal",0.694736842105263,0.001
10,"RSI","EVS","local","sinusoidal",-0.4,0.011
10,"CV_t","RN","local","wave",-0.0526315789473684,0.794
10,"CV_t","RNN","local","wave",0.305263157894737,0.062
10,"CV_t","D_slope","local","wave",0.357894736842105,0.029
10,"CV_t","RC","local","wave",1,0.001
10,"CV_t","gPi","local","wave",1,0.001
10,"CV_t","PPF","local","wave",0.894736842105263,0.001
10,"CV_t","PPi","local","wave",0.842105263157895,0.001
10,"CV_t","PImd","local","wave",0.842105263157895,0.001
10,"CV_t","PILSM","local","wave",0.842105263157895,0.001
10,"CV_t","RTR","local","wave",0,1
10,"CV_t","PIR","local","wave",0.8,0.001
10,"CV_t","RDPI","local","wave",0.88421052631579,0.001
10,"CV_t","ESPI","local","wave",0.305263157894737,0.057
10,"CV_t","ESPIID","local","wave",0.305263157894737,0.061
10,"CV_t","PSI","local","wave",-0.305263157894737,0.065
10,"CV_t","RPI","local","wave",0.88421052631579,0.001
10,"CV_t","PQ","local","wave",0.305263157894737,0.071
10,"CV_t","PR","local","wave",0.305263157894737,0.07
10,"CV_t","NRW","local","wave",0.305263157894737,0.056
10,"CV_t","ESP","local","wave",1,0.001
10,"CV_t","CEV","local","wave",1,0.001
10,"CV_t","PFI","local","wave",1,0.001
10,"CV_t","APC","local","wave",0.305263157894737,0.052
10,"CV_t","SI","local","wave",0.736842105263158,0.001
10,"CV_t","RSI","local","wave",-1,0.001
10,"CV_t","EVS","local","wave",0.305263157894737,0.067
10,"RN","RNN","local","wave",-0.0105263157894737,0.978
10,"RN","D_slope","local","wave",-0.168421052631579,0.31
10,"RN","RC","local","wave",-0.0526315789473684,0.761
10,"RN","gPi","local","wave",-0.0526315789473684,0.766
10,"RN","PPF","local","wave",-0.157894736842105,0.358
10,"RN","PPi","local","wave",-0.210526315789474,0.203
10,"RN","PImd","local","wave",-0.210526315789474,0.22
10,"RN","PILSM","local","wave",-0.210526315789474,0.215
10,"RN","RTR","local","wave",-0.673684210526316,0.001
10,"RN","PIR","local","wave",-0.252631578947368,0.132
10,"RN","RDPI","local","wave",-0.168421052631579,0.316
10,"RN","ESPI","local","wave",-0.0105263157894737,0.973
10,"RN","ESPIID","local","wave",-0.0105263157894737,0.976
10,"RN","PSI","local","wave",0.0105263157894737,0.978
10,"RN","RPI","local","wave",-0.168421052631579,0.312
10,"RN","PQ","local","wave",-0.0105263157894737,0.977
10,"RN","PR","local","wave",-0.0105263157894737,0.968
10,"RN","NRW","local","wave",-0.0105263157894737,0.97
10,"RN","ESP","local","wave",-0.0526315789473684,0.766
10,"RN","CEV","local","wave",-0.0526315789473684,0.783
10,"RN","PFI","local","wave",-0.0526315789473684,0.744
10,"RN","APC","local","wave",-0.0105263157894737,0.974
10,"RN","SI","local","wave",-0.0631578947368421,0.72
10,"RN","RSI","local","wave",0.0526315789473684,0.756
10,"RN","EVS","local","wave",-0.0105263157894737,0.976
10,"RNN","D_slope","local","wave",0.842105263157895,0.001
10,"RNN","RC","local","wave",0.305263157894737,0.071
10,"RNN","gPi","local","wave",0.305263157894737,0.074
10,"RNN","PPF","local","wave",0.305263157894737,0.065
10,"RNN","PPi","local","wave",0.315789473684211,0.065
10,"RNN","PImd","local","wave",0.315789473684211,0.057
10,"RNN","PILSM","local","wave",0.315789473684211,0.053
10,"RNN","RTR","local","wave",0.0631578947368421,0.745
10,"RNN","PIR","local","wave",0.315789473684211,0.052
10,"RNN","RDPI","local","wave",0.294736842105263,0.076
10,"RNN","ESPI","local","wave",1,0.001
10,"RNN","ESPIID","local","wave",1,0.001
10,"RNN","PSI","local","wave",-1,0.001
10,"RNN","RPI","local","wave",0.294736842105263,0.064
10,"RNN","PQ","local","wave",1,0.001
10,"RNN","PR","local","wave",1,0.001
10,"RNN","NRW","local","wave",1,0.001
10,"RNN","ESP","local","wave",0.305263157894737,0.074
10,"RNN","CEV","local","wave",0.305263157894737,0.054
10,"RNN","PFI","local","wave",0.305263157894737,0.062
10,"RNN","APC","local","wave",1,0.001
10,"RNN","SI","local","wave",0.568421052631579,0.001
10,"RNN","RSI","local","wave",-0.305263157894737,0.07
10,"RNN","EVS","local","wave",1,0.001
10,"D_slope","RC","local","wave",0.357894736842105,0.029
10,"D_slope","gPi","local","wave",0.357894736842105,0.031
10,"D_slope","PPF","local","wave",0.4,0.012
10,"D_slope","PPi","local","wave",0.431578947368421,0.01
10,"D_slope","PImd","local","wave",0.431578947368421,0.005
10,"D_slope","PILSM","local","wave",0.431578947368421,0.009
10,"D_slope","RTR","local","wave",0.221052631578947,0.205
10,"D_slope","PIR","local","wave",0.452631578947368,0.008
10,"D_slope","RDPI","local","wave",0.410526315789474,0.017
10,"D_slope","ESPI","local","wave",0.842105263157895,0.001
10,"D_slope","ESPIID","local","wave",0.842105263157895,0.001
10,"D_slope","PSI","local","wave",-0.842105263157895,0.001
10,"D_slope","RPI","local","wave",0.410526315789474,0.012
10,"D_slope","PQ","local","wave",0.842105263157895,0.001
10,"D_slope","PR","local","wave",0.842105263157895,0.001
10,"D_slope","NRW","local","wave",0.842105263157895,0.001
10,"D_slope","ESP","local","wave",0.357894736842105,0.027
10,"D_slope","CEV","local","wave",0.357894736842105,0.031
10,"D_slope","PFI","local","wave",0.357894736842105,0.037
10,"D_slope","APC","local","wave",0.842105263157895,0.001
10,"D_slope","SI","local","wave",0.6,0.001
10,"D_slope","RSI","local","wave",-0.357894736842105,0.033
10,"D_slope","EVS","local","wave",0.842105263157895,0.001
10,"RC","gPi","local","wave",1,0.001
10,"RC","PPF","local","wave",0.894736842105263,0.001
10,"RC","PPi","local","wave",0.842105263157895,0.001
10,"RC","PImd","local","wave",0.842105263157895,0.001
10,"RC","PILSM","local","wave",0.842105263157895,0.001
10,"RC","RTR","local","wave",0,1
10,"RC","PIR","local","wave",0.8,0.001
10,"RC","RDPI","local","wave",0.88421052631579,0.001
10,"RC","ESPI","local","wave",0.305263157894737,0.067
10,"RC","ESPIID","local","wave",0.305263157894737,0.068
10,"RC","PSI","local","wave",-0.305263157894737,0.07
10,"RC","RPI","local","wave",0.88421052631579,0.001
10,"RC","PQ","local","wave",0.305263157894737,0.065
10,"RC","PR","local","wave",0.305263157894737,0.072
10,"RC","NRW","local","wave",0.305263157894737,0.075
10,"RC","ESP","local","wave",1,0.001
10,"RC","CEV","local","wave",1,0.001
10,"RC","PFI","local","wave",1,0.001
10,"RC","APC","local","wave",0.305263157894737,0.053
10,"RC","SI","local","wave",0.736842105263158,0.001
10,"RC","RSI","local","wave",-1,0.001
10,"RC","EVS","local","wave",0.305263157894737,0.051
10,"gPi","PPF","local","wave",0.894736842105263,0.001
10,"gPi","PPi","local","wave",0.842105263157895,0.001
10,"gPi","PImd","local","wave",0.842105263157895,0.001
10,"gPi","PILSM","local","wave",0.842105263157895,0.001
10,"gPi","RTR","local","wave",0,1
10,"gPi","PIR","local","wave",0.8,0.001
10,"gPi","RDPI","local","wave",0.88421052631579,0.001
10,"gPi","ESPI","local","wave",0.305263157894737,0.065
10,"gPi","ESPIID","local","wave",0.305263157894737,0.067
10,"gPi","PSI","local","wave",-0.305263157894737,0.069
10,"gPi","RPI","local","wave",0.88421052631579,0.001
10,"gPi","PQ","local","wave",0.305263157894737,0.056
10,"gPi","PR","local","wave",0.305263157894737,0.07
10,"gPi","NRW","local","wave",0.305263157894737,0.063
10,"gPi","ESP","local","wave",1,0.001
10,"gPi","CEV","local","wave",1,0.001
10,"gPi","PFI","local","wave",1,0.001
10,"gPi","APC","local","wave",0.305263157894737,0.086
10,"gPi","SI","local","wave",0.736842105263158,0.001
10,"gPi","RSI","local","wave",-1,0.001
10,"gPi","EVS","local","wave",0.305263157894737,0.048
10,"PPF","PPi","local","wave",0.947368421052632,0.001
10,"PPF","PImd","local","wave",0.947368421052632,0.001
10,"PPF","PILSM","local","wave",0.947368421052632,0.001
10,"PPF","RTR","local","wave",0.105263157894737,0.547
10,"PPF","PIR","local","wave",0.905263157894737,0.001
10,"PPF","RDPI","local","wave",0.989473684210527,0.001
10,"PPF","ESPI","local","wave",0.305263157894737,0.06
10,"PPF","ESPIID","local","wave",0.305263157894737,0.064
10,"PPF","PSI","local","wave",-0.305263157894737,0.058
10,"PPF","RPI","local","wave",0.989473684210527,0.001
10,"PPF","PQ","local","wave",0.305263157894737,0.065
10,"PPF","PR","local","wave",0.305263157894737,0.066
10,"PPF","NRW","local","wave",0.305263157894737,0.066
10,"PPF","ESP","local","wave",0.894736842105263,0.001
10,"PPF","CEV","local","wave",0.894736842105263,0.001
10,"PPF","PFI","local","wave",0.894736842105263,0.001
10,"PPF","APC","local","wave",0.305263157894737,0.065
10,"PPF","SI","local","wave",0.715789473684211,0.001
10,"PPF","RSI","local","wave",-0.894736842105263,0.001
10,"PPF","EVS","local","wave",0.305263157894737,0.061
10,"PPi","PImd","local","wave",1,0.001
10,"PPi","PILSM","local","wave",1,0.001
10,"PPi","RTR","local","wave",0.157894736842105,0.362
10,"PPi","PIR","local","wave",0.957894736842105,0.001
10,"PPi","RDPI","local","wave",0.957894736842105,0.001
10,"PPi","ESPI","local","wave",0.315789473684211,0.066
10,"PPi","ESPIID","local","wave",0.315789473684211,0.049
10,"PPi","PSI","local","wave",-0.315789473684211,0.062
10,"PPi","RPI","local","wave",0.957894736842105,0.001
10,"PPi","PQ","local","wave",0.315789473684211,0.058
10,"PPi","PR","local","wave",0.315789473684211,0.039
10,"PPi","NRW","local","wave",0.315789473684211,0.05
10,"PPi","ESP","local","wave",0.842105263157895,0.001
10,"PPi","CEV","local","wave",0.842105263157895,0.001
10,"PPi","PFI","local","wave",0.842105263157895,0.001
10,"PPi","APC","local","wave",0.315789473684211,0.06
10,"PPi","SI","local","wave",0.68421052631579,0.001
10,"PPi","RSI","local","wave",-0.842105263157895,0.001
10,"PPi","EVS","local","wave",0.315789473684211,0.05
10,"PImd","PILSM","local","wave",1,0.001
10,"PImd","RTR","local","wave",0.157894736842105,0.377
10,"PImd","PIR","local","wave",0.957894736842105,0.001
10,"PImd","RDPI","local","wave",0.957894736842105,0.001
10,"PImd","ESPI","local","wave",0.315789473684211,0.048
10,"PImd","ESPIID","local","wave",0.315789473684211,0.057
10,"PImd","PSI","local","wave",-0.315789473684211,0.056
10,"PImd","RPI","local","wave",0.957894736842105,0.001
10,"PImd","PQ","local","wave",0.315789473684211,0.065
10,"PImd","PR","local","wave",0.315789473684211,0.063
10,"PImd","NRW","local","wave",0.315789473684211,0.055
10,"PImd","ESP","local","wave",0.842105263157895,0.001
10,"PImd","CEV","local","wave",0.842105263157895,0.001
10,"PImd","PFI","local","wave",0.842105263157895,0.001
10,"PImd","APC","local","wave",0.315789473684211,0.051
10,"PImd","SI","local","wave",0.68421052631579,0.001
10,"PImd","RSI","local","wave",-0.842105263157895,0.001
10,"PImd","EVS","local","wave",0.315789473684211,0.043
10,"PILSM","RTR","local","wave",0.157894736842105,0.345
10,"PILSM","PIR","local","wave",0.957894736842105,0.001
10,"PILSM","RDPI","local","wave",0.957894736842105,0.001
10,"PILSM","ESPI","local","wave",0.315789473684211,0.052
10,"PILSM","ESPIID","local","wave",0.315789473684211,0.051
10,"PILSM","PSI","local","wave",-0.315789473684211,0.07
10,"PILSM","RPI","local","wave",0.957894736842105,0.001
10,"PILSM","PQ","local","wave",0.315789473684211,0.072
10,"PILSM","PR","local","wave",0.315789473684211,0.051
10,"PILSM","NRW","local","wave",0.315789473684211,0.061
10,"PILSM","ESP","local","wave",0.842105263157895,0.001
10,"PILSM","CEV","local","wave",0.842105263157895,0.001
10,"PILSM","PFI","local","wave",0.842105263157895,0.001
10,"PILSM","APC","local","wave",0.315789473684211,0.066
10,"PILSM","SI","local","wave",0.68421052631579,0.001
10,"PILSM","RSI","local","wave",-0.842105263157895,0.001
10,"PILSM","EVS","local","wave",0.315789473684211,0.049
10,"RTR","PIR","local","wave",0.2,0.234
10,"RTR","RDPI","local","wave",0.115789473684211,0.516
10,"RTR","ESPI","local","wave",0.0631578947368421,0.71
10,"RTR","ESPIID","local","wave",0.0631578947368421,0.716
10,"RTR","PSI","local","wave",-0.0631578947368421,0.722
10,"RTR","RPI","local","wave",0.115789473684211,0.512
10,"RTR","PQ","local","wave",0.0631578947368421,0.728
10,"RTR","PR","local","wave",0.0631578947368421,0.727
10,"RTR","NRW","local","wave",0.0631578947368421,0.73
10,"RTR","ESP","local","wave",0,1
10,"RTR","CEV","local","wave",0,1
10,"RTR","PFI","local","wave",0,1
10,"RTR","APC","local","wave",0.0631578947368421,0.741
10,"RTR","SI","local","wave",-0.0315789473684211,0.845
10,"RTR","RSI","local","wave",0,1
10,"RTR","EVS","local","wave",0.0631578947368421,0.707
10,"PIR","RDPI","local","wave",0.915789473684211,0.001
10,"PIR","ESPI","local","wave",0.315789473684211,0.066
10,"PIR","ESPIID","local","wave",0.315789473684211,0.051
10,"PIR","PSI","local","wave",-0.315789473684211,0.051
10,"PIR","RPI","local","wave",0.915789473684211,0.001
10,"PIR","PQ","local","wave",0.315789473684211,0.054
10,"PIR","PR","local","wave",0.315789473684211,0.052
10,"PIR","NRW","local","wave",0.315789473684211,0.05
10,"PIR","ESP","local","wave",0.8,0.001
10,"PIR","CEV","local","wave",0.8,0.001
10,"PIR","PFI","local","wave",0.8,0.001
10,"PIR","APC","local","wave",0.315789473684211,0.039
10,"PIR","SI","local","wave",0.642105263157895,0.001
10,"PIR","RSI","local","wave",-0.8,0.001
10,"PIR","EVS","local","wave",0.315789473684211,0.056
10,"RDPI","ESPI","local","wave",0.294736842105263,0.06
10,"RDPI","ESPIID","local","wave",0.294736842105263,0.073
10,"RDPI","PSI","local","wave",-0.294736842105263,0.082
10,"RDPI","RPI","local","wave",1,0.001
10,"RDPI","PQ","local","wave",0.294736842105263,0.081
10,"RDPI","PR","local","wave",0.294736842105263,0.089
10,"RDPI","NRW","local","wave",0.294736842105263,0.07
10,"RDPI","ESP","local","wave",0.88421052631579,0.001
10,"RDPI","CEV","local","wave",0.88421052631579,0.001
10,"RDPI","PFI","local","wave",0.88421052631579,0.001
10,"RDPI","APC","local","wave",0.294736842105263,0.069
10,"RDPI","SI","local","wave",0.705263157894737,0.001
10,"RDPI","RSI","local","wave",-0.88421052631579,0.001
10,"RDPI","EVS","local","wave",0.294736842105263,0.069
10,"ESPI","ESPIID","local","wave",1,0.001
10,"ESPI","PSI","local","wave",-1,0.001
10,"ESPI","RPI","local","wave",0.294736842105263,0.074
10,"ESPI","PQ","local","wave",1,0.001
10,"ESPI","PR","local","wave",1,0.001
10,"ESPI","NRW","local","wave",1,0.001
10,"ESPI","ESP","local","wave",0.305263157894737,0.069
10,"ESPI","CEV","local","wave",0.305263157894737,0.066
10,"ESPI","PFI","local","wave",0.305263157894737,0.067
10,"ESPI","APC","local","wave",1,0.001
10,"ESPI","SI","local","wave",0.568421052631579,0.001
10,"ESPI","RSI","local","wave",-0.305263157894737,0.066
10,"ESPI","EVS","local","wave",1,0.001
10,"ESPIID","PSI","local","wave",-1,0.001
10,"ESPIID","RPI","local","wave",0.294736842105263,0.083
10,"ESPIID","PQ","local","wave",1,0.001
10,"ESPIID","PR","local","wave",1,0.001
10,"ESPIID","NRW","local","wave",1,0.001
10,"ESPIID","ESP","local","wave",0.305263157894737,0.063
10,"ESPIID","CEV","local","wave",0.305263157894737,0.062
10,"ESPIID","PFI","local","wave",0.305263157894737,0.063
10,"ESPIID","APC","local","wave",1,0.001
10,"ESPIID","SI","local","wave",0.568421052631579,0.001
10,"ESPIID","RSI","local","wave",-0.305263157894737,0.048
10,"ESPIID","EVS","local","wave",1,0.001
10,"PSI","RPI","local","wave",-0.294736842105263,0.082
10,"PSI","PQ","local","wave",-1,0.001
10,"PSI","PR","local","wave",-1,0.001
10,"PSI","NRW","local","wave",-1,0.001
10,"PSI","ESP","local","wave",-0.305263157894737,0.07
10,"PSI","CEV","local","wave",-0.305263157894737,0.059
10,"PSI","PFI","local","wave",-0.305263157894737,0.065
10,"PSI","APC","local","wave",-1,0.001
10,"PSI","SI","local","wave",-0.568421052631579,0.001
10,"PSI","RSI","local","wave",0.305263157894737,0.063
10,"PSI","EVS","local","wave",-1,0.001
10,"RPI","PQ","local","wave",0.294736842105263,0.068
10,"RPI","PR","local","wave",0.294736842105263,0.09
10,"RPI","NRW","local","wave",0.294736842105263,0.076
10,"RPI","ESP","local","wave",0.88421052631579,0.001
10,"RPI","CEV","local","wave",0.88421052631579,0.001
10,"RPI","PFI","local","wave",0.88421052631579,0.001
10,"RPI","APC","local","wave",0.294736842105263,0.08
10,"RPI","SI","local","wave",0.705263157894737,0.001
10,"RPI","RSI","local","wave",-0.88421052631579,0.001
10,"RPI","EVS","local","wave",0.294736842105263,0.08
10,"PQ","PR","local","wave",1,0.001
10,"PQ","NRW","local","wave",1,0.001
10,"PQ","ESP","local","wave",0.305263157894737,0.072
10,"PQ","CEV","local","wave",0.305263157894737,0.068
10,"PQ","PFI","local","wave",0.305263157894737,0.065
10,"PQ","APC","local","wave",1,0.001
10,"PQ","SI","local","wave",0.568421052631579,0.001
10,"PQ","RSI","local","wave",-0.305263157894737,0.055
10,"PQ","EVS","local","wave",1,0.001
10,"PR","NRW","local","wave",1,0.001
10,"PR","ESP","local","wave",0.305263157894737,0.059
10,"PR","CEV","local","wave",0.305263157894737,0.062
10,"PR","PFI","local","wave",0.305263157894737,0.065
10,"PR","APC","local","wave",1,0.001
10,"PR","SI","local","wave",0.568421052631579,0.001
10,"PR","RSI","local","wave",-0.305263157894737,0.071
10,"PR","EVS","local","wave",1,0.001
10,"NRW","ESP","local","wave",0.305263157894737,0.056
10,"NRW","CEV","local","wave",0.305263157894737,0.079
10,"NRW","PFI","local","wave",0.305263157894737,0.053
10,"NRW","APC","local","wave",1,0.001
10,"NRW","SI","local","wave",0.568421052631579,0.002
10,"NRW","RSI","local","wave",-0.305263157894737,0.076
10,"NRW","EVS","local","wave",1,0.001
10,"ESP","CEV","local","wave",1,0.001
10,"ESP","PFI","local","wave",1,0.001
10,"ESP","APC","local","wave",0.305263157894737,0.072
10,"ESP","SI","local","wave",0.736842105263158,0.001
10,"ESP","RSI","local","wave",-1,0.001
10,"ESP","EVS","local","wave",0.305263157894737,0.076
10,"CEV","PFI","local","wave",1,0.001
10,"CEV","APC","local","wave",0.305263157894737,0.058
10,"CEV","SI","local","wave",0.736842105263158,0.001
10,"CEV","RSI","local","wave",-1,0.001
10,"CEV","EVS","local","wave",0.305263157894737,0.079
10,"PFI","APC","local","wave",0.305263157894737,0.067
10,"PFI","SI","local","wave",0.736842105263158,0.001
10,"PFI","RSI","local","wave",-1,0.001
10,"PFI","EVS","local","wave",0.305263157894737,0.076
10,"APC","SI","local","wave",0.568421052631579,0.001
10,"APC","RSI","local","wave",-0.305263157894737,0.072
10,"APC","EVS","local","wave",1,0.001
10,"SI","RSI","local","wave",-0.736842105263158,0.001
10,"SI","EVS","local","wave",0.568421052631579,0.001
10,"RSI","EVS","local","wave",-0.305263157894737,0.065
