tag,score_i,score_j,k,overlap,overlap_frac
full_res10,CV_t,RN,3,0,0
full_res10,CV_t,RN,5,0,0
full_res10,CV_t,RN,10,3,0.3
full_res10,CV_t,RN,15,3,0.2
full_res10,CV_t,RN,20,7,0.35
full_res10,CV_t,RNN,3,0,0
full_res10,CV_t,RNN,5,1,0.2
full_res10,CV_t,RNN,10,3,0.3
full_res10,CV_t,RNN,15,6,0.4
full_res10,CV_t,RNN,20,11,0.55
full_res10,CV_t,D_slope,3,0,0
full_res10,CV_t,D_slope,5,1,0.2
full_res10,CV_t,D_slope,10,4,0.4
full_res10,CV_t,D_slope,15,5,0.3333333333333333
full_res10,CV_t,D_slope,20,9,0.45
full_res10,CV_t,RC,3,2,0.6666666666666666
full_res10,CV_t,RC,5,5,1
full_res10,CV_t,RC,10,7,0.7
full_res10,CV_t,RC,15,11,0.7333333333333333
full_res10,CV_t,RC,20,20,1
full_res10,CV_t,gPi,3,3,1
full_res10,CV_t,gPi,5,5,1
full_res10,CV_t,gPi,10,10,1
full_res10,CV_t,gPi,15,15,1
full_res10,CV_t,gPi,20,20,1
full_res10,CV_t,PPF,3,0,0
full_res10,CV_t,PPF,5,1,0.2
full_res10,CV_t,PPF,10,7,0.7
full_res10,CV_t,PPF,15,11,0.7333333333333333
full_res10,CV_t,PPF,20,17,0.85
full_res10,CV_t,PPi,3,2,0.6666666666666666
full_res10,CV_t,PPi,5,2,0.4
full_res10,CV_t,PPi,10,7,0.7
full_res10,CV_t,PPi,15,13,0.8666666666666667
full_res10,CV_t,PPi,20,17,0.85
full_res10,CV_t,PImd,3,2,0.6666666666666666
full_res10,CV_t,PImd,5,2,0.4
full_res10,CV_t,PImd,10,7,0.7
full_res10,CV_t,PImd,15,13,0.8666666666666667
full_res10,CV_t,PImd,20,17,0.85
full_res10,CV_t,PILSM,3,2,0.6666666666666666
full_res10,CV_t,PILSM,5,2,0.4
full_res10,CV_t,PILSM,10,7,0.7
full_res10,CV_t,PILSM,15,13,0.8666666666666667
full_res10,CV_t,PILSM,20,17,0.85
full_res10,CV_t,RTR,3,0,0
full_res10,CV_t,RTR,5,1,0.2
full_res10,CV_t,RTR,10,3,0.3
full_res10,CV_t,RTR,15,3,0.2
full_res10,CV_t,RTR,20,7,0.35
full_res10,CV_t,PIR,3,2,0.6666666666666666
full_res10,CV_t,PIR,5,3,0.6
full_res10,CV_t,PIR,10,7,0.7
full_res10,CV_t,PIR,15,9,0.6
full_res10,CV_t,PIR,20,16,0.8
full_res10,CV_t,RDPI,3,2,0.6666666666666666
full_res10,CV_t,RDPI,5,3,0.6
full_res10,CV_t,RDPI,10,8,0.8
full_res10,CV_t,RDPI,15,13,0.8666666666666667
full_res10,CV_t,RDPI,20,19,0.95
full_res10,CV_t,ESPI,3,0,0
full_res10,CV_t,ESPI,5,1,0.2
full_res10,CV_t,ESPI,10,4,0.4
full_res10,CV_t,ESPI,15,6,0.4
full_res10,CV_t,ESPI,20,8,0.4
full_res10,CV_t,ESPIID,3,0,0
full_res10,CV_t,ESPIID,5,0,0
full_res10,CV_t,ESPIID,10,3,0.3
full_res10,CV_t,ESPIID,15,7,0.4666666666666667
full_res10,CV_t,ESPIID,20,10,0.5
full_res10,CV_t,PSI,3,0,0
full_res10,CV_t,PSI,5,0,0
full_res10,CV_t,PSI,10,2,0.2
full_res10,CV_t,PSI,15,4,0.26666666666666666
full_res10,CV_t,PSI,20,6,0.3
full_res10,CV_t,RPI,3,2,0.6666666666666666
full_res10,CV_t,RPI,5,3,0.6
full_res10,CV_t,RPI,10,8,0.8
full_res10,CV_t,RPI,15,13,0.8666666666666667
full_res10,CV_t,RPI,20,19,0.95
full_res10,CV_t,PQ,3,0,0
full_res10,CV_t,PQ,5,1,0.2
full_res10,CV_t,PQ,10,4,0.4
full_res10,CV_t,PQ,15,6,0.4
full_res10,CV_t,PQ,20,8,0.4
full_res10,CV_t,PR,3,0,0
full_res10,CV_t,PR,5,1,0.2
full_res10,CV_t,PR,10,4,0.4
full_res10,CV_t,PR,15,6,0.4
full_res10,CV_t,PR,20,8,0.4
full_res10,CV_t,NRW,3,0,0
full_res10,CV_t,NRW,5,1,0.2
full_res10,CV_t,NRW,10,4,0.4
full_res10,CV_t,NRW,15,6,0.4
full_res10,CV_t,NRW,20,8,0.4
full_res10,CV_t,ESP,3,2,0.6666666666666666
full_res10,CV_t,ESP,5,5,1
full_res10,CV_t,ESP,10,7,0.7
full_res10,CV_t,ESP,15,12,0.8
full_res10,CV_t,ESP,20,20,1
full_res10,CV_t,CEV,3,3,1
full_res10,CV_t,CEV,5,5,1
full_res10,CV_t,CEV,10,10,1
full_res10,CV_t,CEV,15,15,1
full_res10,CV_t,CEV,20,20,1
full_res10,CV_t,PFI,3,1,0.3333333333333333
full_res10,CV_t,PFI,5,2,0.4
full_res10,CV_t,PFI,10,6,0.6
full_res10,CV_t,PFI,15,9,0.6
full_res10,CV_t,PFI,20,13,0.65
full_res10,CV_t,APC,3,0,0
full_res10,CV_t,APC,5,0,0
full_res10,CV_t,APC,10,2,0.2
full_res10,CV_t,APC,15,6,0.4
full_res10,CV_t,APC,20,8,0.4
full_res10,CV_t,SI,3,1,0.3333333333333333
full_res10,CV_t,SI,5,2,0.4
full_res10,CV_t,SI,10,6,0.6
full_res10,CV_t,SI,15,10,0.6666666666666666
full_res10,CV_t,SI,20,15,0.75
full_res10,CV_t,RSI,3,0,0
full_res10,CV_t,RSI,5,0,0
full_res10,CV_t,RSI,10,0,0
full_res10,CV_t,RSI,15,0,0
full_res10,CV_t,RSI,20,0,0
full_res10,CV_t,EVS,3,0,0
full_res10,CV_t,EVS,5,1,0.2
full_res10,CV_t,EVS,10,3,0.3
full_res10,CV_t,EVS,15,5,0.3333333333333333
full_res10,CV_t,EVS,20,10,0.5
full_res10,RN,RNN,3,0,0
full_res10,RN,RNN,5,0,0
full_res10,RN,RNN,10,1,0.1
full_res10,RN,RNN,15,4,0.26666666666666666
full_res10,RN,RNN,20,5,0.25
full_res10,RN,D_slope,3,1,0.3333333333333333
full_res10,RN,D_slope,5,1,0.2
full_res10,RN,D_slope,10,4,0.4
full_res10,RN,D_slope,15,6,0.4
full_res10,RN,D_slope,20,7,0.35
full_res10,RN,RC,3,0,0
full_res10,RN,RC,5,0,0
full_res10,RN,RC,10,3,0.3
full_res10,RN,RC,15,6,0.4
full_res10,RN,RC,20,7,0.35
full_res10,RN,gPi,3,0,0
full_res10,RN,gPi,5,0,0
full_res10,RN,gPi,10,3,0.3
full_res10,RN,gPi,15,3,0.2
full_res10,RN,gPi,20,7,0.35
full_res10,RN,PPF,3,2,0.6666666666666666
full_res10,RN,PPF,5,2,0.4
full_res10,RN,PPF,10,5,0.5
full_res10,RN,PPF,15,7,0.4666666666666667
full_res10,RN,PPF,20,8,0.4
full_res10,RN,PPi,3,0,0
full_res10,RN,PPi,5,0,0
full_res10,RN,PPi,10,1,0.1
full_res10,RN,PPi,15,3,0.2
full_res10,RN,PPi,20,4,0.2
full_res10,RN,PImd,3,0,0
full_res10,RN,PImd,5,0,0
full_res10,RN,PImd,10,1,0.1
full_res10,RN,PImd,15,3,0.2
full_res10,RN,PImd,20,4,0.2
full_res10,RN,PILSM,3,0,0
full_res10,RN,PILSM,5,0,0
full_res10,RN,PILSM,10,1,0.1
full_res10,RN,PILSM,15,3,0.2
full_res10,RN,PILSM,20,4,0.2
full_res10,RN,RTR,3,2,0.6666666666666666
full_res10,RN,RTR,5,2,0.4
full_res10,RN,RTR,10,7,0.7
full_res10,RN,RTR,15,14,0.9333333333333333
full_res10,RN,RTR,20,20,1
full_res10,RN,PIR,3,0,0
full_res10,RN,PIR,5,0,0
full_res10,RN,PIR,10,3,0.3
full_res10,RN,PIR,15,8,0.5333333333333333
full_res10,RN,PIR,20,9,0.45
full_res10,RN,RDPI,3,0,0
full_res10,RN,RDPI,5,0,0
full_res10,RN,RDPI,10,2,0.2
full_res10,RN,RDPI,15,4,0.26666666666666666
full_res10,RN,RDPI,20,7,0.35
full_res10,RN,ESPI,3,1,0.3333333333333333
full_res10,RN,ESPI,5,1,0.2
full_res10,RN,ESPI,10,3,0.3
full_res10,RN,ESPI,15,5,0.3333333333333333
full_res10,RN,ESPI,20,6,0.3
full_res10,RN,ESPIID,3,0,0
full_res10,RN,ESPIID,5,0,0
full_res10,RN,ESPIID,10,1,0.1
full_res10,RN,ESPIID,15,4,0.26666666666666666
full_res10,RN,ESPIID,20,4,0.2
full_res10,RN,PSI,3,0,0
full_res10,RN,PSI,5,0,0
full_res10,RN,PSI,10,0,0
full_res10,RN,PSI,15,0,0
full_res10,RN,PSI,20,0,0
full_res10,RN,RPI,3,0,0
full_res10,RN,RPI,5,0,0
full_res10,RN,RPI,10,2,0.2
full_res10,RN,RPI,15,4,0.26666666666666666
full_res10,RN,RPI,20,7,0.35
full_res10,RN,PQ,3,1,0.3333333333333333
full_res10,RN,PQ,5,1,0.2
full_res10,RN,PQ,10,3,0.3
full_res10,RN,PQ,15,5,0.3333333333333333
full_res10,RN,PQ,20,6,0.3
full_res10,RN,PR,3,1,0.3333333333333333
full_res10,RN,PR,5,1,0.2
full_res10,RN,PR,10,3,0.3
full_res10,RN,PR,15,5,0.3333333333333333
full_res10,RN,PR,20,6,0.3
full_res10,RN,NRW,3,1,0.3333333333333333
full_res10,RN,NRW,5,1,0.2
full_res10,RN,NRW,10,3,0.3
full_res10,RN,NRW,15,5,0.3333333333333333
full_res10,RN,NRW,20,6,0.3
full_res10,RN,ESP,3,0,0
full_res10,RN,ESP,5,0,0
full_res10,RN,ESP,10,3,0.3
full_res10,RN,ESP,15,5,0.3333333333333333
full_res10,RN,ESP,20,7,0.35
full_res10,RN,CEV,3,0,0
full_res10,RN,CEV,5,0,0
full_res10,RN,CEV,10,3,0.3
full_res10,RN,CEV,15,3,0.2
full_res10,RN,CEV,20,7,0.35
full_res10,RN,PFI,3,0,0
full_res10,RN,PFI,5,0,0
full_res10,RN,PFI,10,0,0
full_res10,RN,PFI,15,0,0
full_res10,RN,PFI,20,3,0.15
full_res10,RN,APC,3,0,0
full_res10,RN,APC,5,0,0
full_res10,RN,APC,10,0,0
full_res10,RN,APC,15,0,0
full_res10,RN,APC,20,2,0.1
full_res10,RN,SI,3,1,0.3333333333333333
full_res10,RN,SI,5,2,0.4
full_res10,RN,SI,10,3,0.3
full_res10,RN,SI,15,4,0.26666666666666666
full_res10,RN,SI,20,6,0.3
full_res10,RN,RSI,3,0,0
full_res10,RN,RSI,5,0,0
full_res10,RN,RSI,10,0,0
full_res10,RN,RSI,15,1,0.06666666666666667
full_res10,RN,RSI,20,6,0.3
full_res10,RN,EVS,3,2,0.6666666666666666
full_res10,RN,EVS,5,4,0.8
full_res10,RN,EVS,10,4,0.4
full_res10,RN,EVS,15,5,0.3333333333333333
full_res10,RN,EVS,20,6,0.3
full_res10,RNN,D_slope,3,2,0.6666666666666666
full_res10,RNN,D_slope,5,4,0.8
full_res10,RNN,D_slope,10,7,0.7
full_res10,RNN,D_slope,15,11,0.7333333333333333
full_res10,RNN,D_slope,20,17,0.85
full_res10,RNN,RC,3,0,0
full_res10,RNN,RC,5,1,0.2
full_res10,RNN,RC,10,2,0.2
full_res10,RNN,RC,15,4,0.26666666666666666
full_res10,RNN,RC,20,11,0.55
full_res10,RNN,gPi,3,0,0
full_res10,RNN,gPi,5,1,0.2
full_res10,RNN,gPi,10,3,0.3
full_res10,RNN,gPi,15,6,0.4
full_res10,RNN,gPi,20,11,0.55
full_res10,RNN,PPF,3,0,0
full_res10,RNN,PPF,5,0,0
full_res10,RNN,PPF,10,2,0.2
full_res10,RNN,PPF,15,6,0.4
full_res10,RNN,PPF,20,11,0.55
full_res10,RNN,PPi,3,0,0
full_res10,RNN,PPi,5,2,0.4
full_res10,RNN,PPi,10,3,0.3
full_res10,RNN,PPi,15,6,0.4
full_res10,RNN,PPi,20,11,0.55
full_res10,RNN,PImd,3,0,0
full_res10,RNN,PImd,5,2,0.4
full_res10,RNN,PImd,10,3,0.3
full_res10,RNN,PImd,15,6,0.4
full_res10,RNN,PImd,20,11,0.55
full_res10,RNN,PILSM,3,0,0
full_res10,RNN,PILSM,5,2,0.4
full_res10,RNN,PILSM,10,3,0.3
full_res10,RNN,PILSM,15,6,0.4
full_res10,RNN,PILSM,20,11,0.55
full_res10,RNN,RTR,3,0,0
full_res10,RNN,RTR,5,0,0
full_res10,RNN,RTR,10,1,0.1
full_res10,RNN,RTR,15,4,0.26666666666666666
full_res10,RNN,RTR,20,5,0.25
full_res10,RNN,PIR,3,0,0
full_res10,RNN,PIR,5,1,0.2
full_res10,RNN,PIR,10,3,0.3
full_res10,RNN,PIR,15,5,0.3333333333333333
full_res10,RNN,PIR,20,10,0.5
full_res10,RNN,RDPI,3,0,0
full_res10,RNN,RDPI,5,2,0.4
full_res10,RNN,RDPI,10,3,0.3
full_res10,RNN,RDPI,15,5,0.3333333333333333
full_res10,RNN,RDPI,20,10,0.5
full_res10,RNN,ESPI,3,1,0.3333333333333333
full_res10,RNN,ESPI,5,4,0.8
full_res10,RNN,ESPI,10,8,0.8
full_res10,RNN,ESPI,15,14,0.9333333333333333
full_res10,RNN,ESPI,20,17,0.85
full_res10,RNN,ESPIID,3,3,1
full_res10,RNN,ESPIID,5,4,0.8
full_res10,RNN,ESPIID,10,10,1
full_res10,RNN,ESPIID,15,14,0.9333333333333333
full_res10,RNN,ESPIID,20,18,0.9
full_res10,RNN,PSI,3,0,0
full_res10,RNN,PSI,5,0,0
full_res10,RNN,PSI,10,0,0
full_res10,RNN,PSI,15,3,0.2
full_res10,RNN,PSI,20,9,0.45
full_res10,RNN,RPI,3,0,0
full_res10,RNN,RPI,5,2,0.4
full_res10,RNN,RPI,10,3,0.3
full_res10,RNN,RPI,15,5,0.3333333333333333
full_res10,RNN,RPI,20,10,0.5
full_res10,RNN,PQ,3,1,0.3333333333333333
full_res10,RNN,PQ,5,4,0.8
full_res10,RNN,PQ,10,8,0.8
full_res10,RNN,PQ,15,14,0.9333333333333333
full_res10,RNN,PQ,20,17,0.85
full_res10,RNN,PR,3,1,0.3333333333333333
full_res10,RNN,PR,5,4,0.8
full_res10,RNN,PR,10,8,0.8
full_res10,RNN,PR,15,14,0.9333333333333333
full_res10,RNN,PR,20,17,0.85
full_res10,RNN,NRW,3,1,0.3333333333333333
full_res10,RNN,NRW,5,4,0.8
full_res10,RNN,NRW,10,8,0.8
full_res10,RNN,NRW,15,14,0.9333333333333333
full_res10,RNN,NRW,20,17,0.85
full_res10,RNN,ESP,3,0,0
full_res10,RNN,ESP,5,1,0.2
full_res10,RNN,ESP,10,2,0.2
full_res10,RNN,ESP,15,4,0.26666666666666666
full_res10,RNN,ESP,20,11,0.55
full_res10,RNN,CEV,3,0,0
full_res10,RNN,CEV,5,1,0.2
full_res10,RNN,CEV,10,3,0.3
full_res10,RNN,CEV,15,6,0.4
full_res10,RNN,CEV,20,11,0.55
full_res10,RNN,PFI,3,0,0
full_res10,RNN,PFI,5,1,0.2
full_res10,RNN,PFI,10,4,0.4
full_res10,RNN,PFI,15,8,0.5333333333333333
full_res10,RNN,PFI,20,12,0.6
full_res10,RNN,APC,3,3,1
full_res10,RNN,APC,5,4,0.8
full_res10,RNN,APC,10,8,0.8
full_res10,RNN,APC,15,9,0.6
full_res10,RNN,APC,20,13,0.65
full_res10,RNN,SI,3,0,0
full_res10,RNN,SI,5,2,0.4
full_res10,RNN,SI,10,5,0.5
full_res10,RNN,SI,15,9,0.6
full_res10,RNN,SI,20,16,0.8
full_res10,RNN,RSI,3,0,0
full_res10,RNN,RSI,5,0,0
full_res10,RNN,RSI,10,0,0
full_res10,RNN,RSI,15,0,0
full_res10,RNN,RSI,20,0,0
full_res10,RNN,EVS,3,0,0
full_res10,RNN,EVS,5,1,0.2
full_res10,RNN,EVS,10,5,0.5
full_res10,RNN,EVS,15,13,0.8666666666666667
full_res10,RNN,EVS,20,18,0.9
full_res10,D_slope,RC,3,0,0
full_res10,D_slope,RC,5,1,0.2
full_res10,D_slope,RC,10,3,0.3
full_res10,D_slope,RC,15,4,0.26666666666666666
full_res10,D_slope,RC,20,9,0.45
full_res10,D_slope,gPi,3,0,0
full_res10,D_slope,gPi,5,1,0.2
full_res10,D_slope,gPi,10,4,0.4
full_res10,D_slope,gPi,15,5,0.3333333333333333
full_res10,D_slope,gPi,20,9,0.45
full_res10,D_slope,PPF,3,1,0.3333333333333333
full_res10,D_slope,PPF,5,1,0.2
full_res10,D_slope,PPF,10,4,0.4
full_res10,D_slope,PPF,15,6,0.4
full_res10,D_slope,PPF,20,9,0.45
full_res10,D_slope,PPi,3,0,0
full_res10,D_slope,PPi,5,2,0.4
full_res10,D_slope,PPi,10,3,0.3
full_res10,D_slope,PPi,15,6,0.4
full_res10,D_slope,PPi,20,9,0.45
full_res10,D_slope,PImd,3,0,0
full_res10,D_slope,PImd,5,2,0.4
full_res10,D_slope,PImd,10,3,0.3
full_res10,D_slope,PImd,15,6,0.4
full_res10,D_slope,PImd,20,9,0.45
full_res10,D_slope,PILSM,3,0,0
full_res10,D_slope,PILSM,5,2,0.4
full_res10,D_slope,PILSM,10,3,0.3
full_res10,D_slope,PILSM,15,6,0.4
full_res10,D_slope,PILSM,20,9,0.45
full_res10,D_slope,RTR,3,1,0.3333333333333333
full_res10,D_slope,RTR,5,1,0.2
full_res10,D_slope,RTR,10,4,0.4
full_res10,D_slope,RTR,15,6,0.4
full_res10,D_slope,RTR,20,7,0.35
full_res10,D_slope,PIR,3,0,0
full_res10,D_slope,PIR,5,1,0.2
full_res10,D_slope,PIR,10,4,0.4
full_res10,D_slope,PIR,15,5,0.3333333333333333
full_res10,D_slope,PIR,20,9,0.45
full_res10,D_slope,RDPI,3,0,0
full_res10,D_slope,RDPI,5,2,0.4
full_res10,D_slope,RDPI,10,3,0.3
full_res10,D_slope,RDPI,15,5,0.3333333333333333
full_res10,D_slope,RDPI,20,9,0.45
full_res10,D_slope,ESPI,3,2,0.6666666666666666
full_res10,D_slope,ESPI,5,4,0.8
full_res10,D_slope,ESPI,10,8,0.8
full_res10,D_slope,ESPI,15,12,0.8
full_res10,D_slope,ESPI,20,17,0.85
full_res10,D_slope,ESPIID,3,2,0.6666666666666666
full_res10,D_slope,ESPIID,5,3,0.6
full_res10,D_slope,ESPIID,10,7,0.7
full_res10,D_slope,ESPIID,15,10,0.6666666666666666
full_res10,D_slope,ESPIID,20,15,0.75
full_res10,D_slope,PSI,3,0,0
full_res10,D_slope,PSI,5,0,0
full_res10,D_slope,PSI,10,0,0
full_res10,D_slope,PSI,15,1,0.06666666666666667
full_res10,D_slope,PSI,20,6,0.3
full_res10,D_slope,RPI,3,0,0
full_res10,D_slope,RPI,5,2,0.4
full_res10,D_slope,RPI,10,3,0.3
full_res10,D_slope,RPI,15,5,0.3333333333333333
full_res10,D_slope,RPI,20,9,0.45
full_res10,D_slope,PQ,3,2,0.6666666666666666
full_res10,D_slope,PQ,5,4,0.8
full_res10,D_slope,PQ,10,8,0.8
full_res10,D_slope,PQ,15,12,0.8
full_res10,D_slope,PQ,20,17,0.85
full_res10,D_slope,PR,3,2,0.6666666666666666
full_res10,D_slope,PR,5,4,0.8
full_res10,D_slope,PR,10,8,0.8
full_res10,D_slope,PR,15,12,0.8
full_res10,D_slope,PR,20,17,0.85
full_res10,D_slope,NRW,3,2,0.6666666666666666
full_res10,D_slope,NRW,5,4,0.8
full_res10,D_slope,NRW,10,8,0.8
full_res10,D_slope,NRW,15,12,0.8
full_res10,D_slope,NRW,20,17,0.85
full_res10,D_slope,ESP,3,0,0
full_res10,D_slope,ESP,5,1,0.2
full_res10,D_slope,ESP,10,3,0.3
full_res10,D_slope,ESP,15,4,0.26666666666666666
full_res10,D_slope,ESP,20,9,0.45
full_res10,D_slope,CEV,3,0,0
full_res10,D_slope,CEV,5,1,0.2
full_res10,D_slope,CEV,10,4,0.4
full_res10,D_slope,CEV,15,5,0.3333333333333333
full_res10,D_slope,CEV,20,9,0.45
full_res10,D_slope,PFI,3,0,0
full_res10,D_slope,PFI,5,1,0.2
full_res10,D_slope,PFI,10,3,0.3
full_res10,D_slope,PFI,15,5,0.3333333333333333
full_res10,D_slope,PFI,20,9,0.45
full_res10,D_slope,APC,3,2,0.6666666666666666
full_res10,D_slope,APC,5,3,0.6
full_res10,D_slope,APC,10,5,0.5
full_res10,D_slope,APC,15,5,0.3333333333333333
full_res10,D_slope,APC,20,10,0.5
full_res10,D_slope,SI,3,1,0.3333333333333333
full_res10,D_slope,SI,5,3,0.6
full_res10,D_slope,SI,10,6,0.6
full_res10,D_slope,SI,15,8,0.5333333333333333
full_res10,D_slope,SI,20,14,0.7
full_res10,D_slope,RSI,3,0,0
full_res10,D_slope,RSI,5,0,0
full_res10,D_slope,RSI,10,0,0
full_res10,D_slope,RSI,15,0,0
full_res10,D_slope,RSI,20,0,0
full_res10,D_slope,EVS,3,1,0.3333333333333333
full_res10,D_slope,EVS,5,2,0.4
full_res10,D_slope,EVS,10,7,0.7
full_res10,D_slope,EVS,15,13,0.8666666666666667
full_res10,D_slope,EVS,20,19,0.95
full_res10,RC,gPi,3,2,0.6666666666666666
full_res10,RC,gPi,5,5,1
full_res10,RC,gPi,10,7,0.7
full_res10,RC,gPi,15,11,0.7333333333333333
full_res10,RC,gPi,20,20,1
full_res10,RC,PPF,3,0,0
full_res10,RC,PPF,5,1,0.2
full_res10,RC,PPF,10,5,0.5
full_res10,RC,PPF,15,11,0.7333333333333333
full_res10,RC,PPF,20,17,0.85
full_res10,RC,PPi,3,2,0.6666666666666666
full_res10,RC,PPi,5,2,0.4
full_res10,RC,PPi,10,6,0.6
full_res10,RC,PPi,15,10,0.6666666666666666
full_res10,RC,PPi,20,17,0.85
full_res10,RC,PImd,3,2,0.6666666666666666
full_res10,RC,PImd,5,2,0.4
full_res10,RC,PImd,10,6,0.6
full_res10,RC,PImd,15,10,0.6666666666666666
full_res10,RC,PImd,20,17,0.85
full_res10,RC,PILSM,3,2,0.6666666666666666
full_res10,RC,PILSM,5,2,0.4
full_res10,RC,PILSM,10,6,0.6
full_res10,RC,PILSM,15,10,0.6666666666666666
full_res10,RC,PILSM,20,17,0.85
full_res10,RC,RTR,3,0,0
full_res10,RC,RTR,5,1,0.2
full_res10,RC,RTR,10,3,0.3
full_res10,RC,RTR,15,6,0.4
full_res10,RC,RTR,20,7,0.35
full_res10,RC,PIR,3,2,0.6666666666666666
full_res10,RC,PIR,5,3,0.6
full_res10,RC,PIR,10,6,0.6
full_res10,RC,PIR,15,9,0.6
full_res10,RC,PIR,20,16,0.8
full_res10,RC,RDPI,3,3,1
full_res10,RC,RDPI,5,3,0.6
full_res10,RC,RDPI,10,8,0.8
full_res10,RC,RDPI,15,12,0.8
full_res10,RC,RDPI,20,19,0.95
full_res10,RC,ESPI,3,1,0.3333333333333333
full_res10,RC,ESPI,5,1,0.2
full_res10,RC,ESPI,10,3,0.3
full_res10,RC,ESPI,15,4,0.26666666666666666
full_res10,RC,ESPI,20,8,0.4
full_res10,RC,ESPIID,3,0,0
full_res10,RC,ESPIID,5,0,0
full_res10,RC,ESPIID,10,2,0.2
full_res10,RC,ESPIID,15,5,0.3333333333333333
full_res10,RC,ESPIID,20,10,0.5
full_res10,RC,PSI,3,0,0
full_res10,RC,PSI,5,0,0
full_res10,RC,PSI,10,1,0.1
full_res10,RC,PSI,15,2,0.13333333333333333
full_res10,RC,PSI,20,6,0.3
full_res10,RC,RPI,3,3,1
full_res10,RC,RPI,5,3,0.6
full_res10,RC,RPI,10,8,0.8
full_res10,RC,RPI,15,12,0.8
full_res10,RC,RPI,20,19,0.95
full_res10,RC,PQ,3,1,0.3333333333333333
full_res10,RC,PQ,5,1,0.2
full_res10,RC,PQ,10,3,0.3
full_res10,RC,PQ,15,4,0.26666666666666666
full_res10,RC,PQ,20,8,0.4
full_res10,RC,PR,3,1,0.3333333333333333
full_res10,RC,PR,5,1,0.2
full_res10,RC,PR,10,3,0.3
full_res10,RC,PR,15,4,0.26666666666666666
full_res10,RC,PR,20,8,0.4
full_res10,RC,NRW,3,1,0.3333333333333333
full_res10,RC,NRW,5,1,0.2
full_res10,RC,NRW,10,3,0.3
full_res10,RC,NRW,15,4,0.26666666666666666
full_res10,RC,NRW,20,8,0.4
full_res10,RC,ESP,3,3,1
full_res10,RC,ESP,5,5,1
full_res10,RC,ESP,10,10,1
full_res10,RC,ESP,15,14,0.9333333333333333
full_res10,RC,ESP,20,20,1
full_res10,RC,CEV,3,2,0.6666666666666666
full_res10,RC,CEV,5,5,1
full_res10,RC,CEV,10,7,0.7
full_res10,RC,CEV,15,11,0.7333333333333333
full_res10,RC,CEV,20,20,1
full_res10,RC,PFI,3,0,0
full_res10,RC,PFI,5,2,0.4
full_res10,RC,PFI,10,3,0.3
full_res10,RC,PFI,15,5,0.3333333333333333
full_res10,RC,PFI,20,13,0.65
full_res10,RC,APC,3,0,0
full_res10,RC,APC,5,0,0
full_res10,RC,APC,10,0,0
full_res10,RC,APC,15,2,0.13333333333333333
full_res10,RC,APC,20,8,0.4
full_res10,RC,SI,3,2,0.6666666666666666
full_res10,RC,SI,5,2,0.4
full_res10,RC,SI,10,5,0.5
full_res10,RC,SI,15,9,0.6
full_res10,RC,SI,20,15,0.75
full_res10,RC,RSI,3,0,0
full_res10,RC,RSI,5,0,0
full_res10,RC,RSI,10,0,0
full_res10,RC,RSI,15,0,0
full_res10,RC,RSI,20,0,0
full_res10,RC,EVS,3,1,0.3333333333333333
full_res10,RC,EVS,5,1,0.2
full_res10,RC,EVS,10,3,0.3
full_res10,RC,EVS,15,4,0.26666666666666666
full_res10,RC,EVS,20,10,0.5
full_res10,gPi,PPF,3,0,0
full_res10,gPi,PPF,5,1,0.2
full_res10,gPi,PPF,10,7,0.7
full_res10,gPi,PPF,15,11,0.7333333333333333
full_res10,gPi,PPF,20,17,0.85
full_res10,gPi,PPi,3,2,0.6666666666666666
full_res10,gPi,PPi,5,2,0.4
full_res10,gPi,PPi,10,7,0.7
full_res10,gPi,PPi,15,13,0.8666666666666667
full_res10,gPi,PPi,20,17,0.85
full_res10,gPi,PImd,3,2,0.6666666666666666
full_res10,gPi,PImd,5,2,0.4
full_res10,gPi,PImd,10,7,0.7
full_res10,gPi,PImd,15,13,0.8666666666666667
full_res10,gPi,PImd,20,17,0.85
full_res10,gPi,PILSM,3,2,0.6666666666666666
full_res10,gPi,PILSM,5,2,0.4
full_res10,gPi,PILSM,10,7,0.7
full_res10,gPi,PILSM,15,13,0.8666666666666667
full_res10,gPi,PILSM,20,17,0.85
full_res10,gPi,RTR,3,0,0
full_res10,gPi,RTR,5,1,0.2
full_res10,gPi,RTR,10,3,0.3
full_res10,gPi,RTR,15,3,0.2
full_res10,gPi,RTR,20,7,0.35
full_res10,gPi,PIR,3,2,0.6666666666666666
full_res10,gPi,PIR,5,3,0.6
full_res10,gPi,PIR,10,7,0.7
full_res10,gPi,PIR,15,9,0.6
full_res10,gPi,PIR,20,16,0.8
full_res10,gPi,RDPI,3,2,0.6666666666666666
full_res10,gPi,RDPI,5,3,0.6
full_res10,gPi,RDPI,10,8,0.8
full_res10,gPi,RDPI,15,13,0.8666666666666667
full_res10,gPi,RDPI,20,19,0.95
full_res10,gPi,ESPI,3,0,0
full_res10,gPi,ESPI,5,1,0.2
full_res10,gPi,ESPI,10,4,0.4
full_res10,gPi,ESPI,15,6,0.4
full_res10,gPi,ESPI,20,8,0.4
full_res10,gPi,ESPIID,3,0,0
full_res10,gPi,ESPIID,5,0,0
full_res10,gPi,ESPIID,10,3,0.3
full_res10,gPi,ESPIID,15,7,0.4666666666666667
full_res10,gPi,ESPIID,20,10,0.5
full_res10,gPi,PSI,3,0,0
full_res10,gPi,PSI,5,0,0
full_res10,gPi,PSI,10,2,0.2
full_res10,gPi,PSI,15,4,0.26666666666666666
full_res10,gPi,PSI,20,6,0.3
full_res10,gPi,RPI,3,2,0.6666666666666666
full_res10,gPi,RPI,5,3,0.6
full_res10,gPi,RPI,10,8,0.8
full_res10,gPi,RPI,15,13,0.8666666666666667
full_res10,gPi,RPI,20,19,0.95
full_res10,gPi,PQ,3,0,0
full_res10,gPi,PQ,5,1,0.2
full_res10,gPi,PQ,10,4,0.4
full_res10,gPi,PQ,15,6,0.4
full_res10,gPi,PQ,20,8,0.4
full_res10,gPi,PR,3,0,0
full_res10,gPi,PR,5,1,0.2
full_res10,gPi,PR,10,4,0.4
full_res10,gPi,PR,15,6,0.4
full_res10,gPi,PR,20,8,0.4
full_res10,gPi,NRW,3,0,0
full_res10,gPi,NRW,5,1,0.2
full_res10,gPi,NRW,10,4,0.4
full_res10,gPi,NRW,15,6,0.4
full_res10,gPi,NRW,20,8,0.4
full_res10,gPi,ESP,3,2,0.6666666666666666
full_res10,gPi,ESP,5,5,1
full_res10,gPi,ESP,10,7,0.7
full_res10,gPi,ESP,15,12,0.8
full_res10,gPi,ESP,20,20,1
full_res10,gPi,CEV,3,3,1
full_res10,gPi,CEV,5,5,1
full_res10,gPi,CEV,10,10,1
full_res10,gPi,CEV,15,15,1
full_res10,gPi,CEV,20,20,1
full_res10,gPi,PFI,3,1,0.3333333333333333
full_res10,gPi,PFI,5,2,0.4
full_res10,gPi,PFI,10,6,0.6
full_res10,gPi,PFI,15,9,0.6
full_res10,gPi,PFI,20,13,0.65
full_res10,gPi,APC,3,0,0
full_res10,gPi,APC,5,0,0
full_res10,gPi,APC,10,2,0.2
full_res10,gPi,APC,15,6,0.4
full_res10,gPi,APC,20,8,0.4
full_res10,gPi,SI,3,1,0.3333333333333333
full_res10,gPi,SI,5,2,0.4
full_res10,gPi,SI,10,6,0.6
full_res10,gPi,SI,15,10,0.6666666666666666
full_res10,gPi,SI,20,15,0.75
full_res10,gPi,RSI,3,0,0
full_res10,gPi,RSI,5,0,0
full_res10,gPi,RSI,10,0,0
full_res10,gPi,RSI,15,0,0
full_res10,gPi,RSI,20,0,0
full_res10,gPi,EVS,3,0,0
full_res10,gPi,EVS,5,1,0.2
full_res10,gPi,EVS,10,3,0.3
full_res10,gPi,EVS,15,5,0.3333333333333333
full_res10,gPi,EVS,20,10,0.5
full_res10,PPF,PPi,3,0,0
full_res10,PPF,PPi,5,0,0
full_res10,PPF,PPi,10,5,0.5
full_res10,PPF,PPi,15,11,0.7333333333333333
full_res10,PPF,PPi,20,16,0.8
full_res10,PPF,PImd,3,0,0
full_res10,PPF,PImd,5,0,0
full_res10,PPF,PImd,10,5,0.5
full_res10,PPF,PImd,15,11,0.7333333333333333
full_res10,PPF,PImd,20,16,0.8
full_res10,PPF,PILSM,3,0,0
full_res10,PPF,PILSM,5,0,0
full_res10,PPF,PILSM,10,5,0.5
full_res10,PPF,PILSM,15,11,0.7333333333333333
full_res10,PPF,PILSM,20,16,0.8
full_res10,PPF,RTR,3,3,1
full_res10,PPF,RTR,5,5,1
full_res10,PPF,RTR,10,6,0.6
full_res10,PPF,RTR,15,7,0.4666666666666667
full_res10,PPF,RTR,20,8,0.4
full_res10,PPF,PIR,3,1,0.3333333333333333
full_res10,PPF,PIR,5,1,0.2
full_res10,PPF,PIR,10,6,0.6
full_res10,PPF,PIR,15,11,0.7333333333333333
full_res10,PPF,PIR,20,19,0.95
full_res10,PPF,RDPI,3,0,0
full_res10,PPF,RDPI,5,0,0
full_res10,PPF,RDPI,10,6,0.6
full_res10,PPF,RDPI,15,11,0.7333333333333333
full_res10,PPF,RDPI,20,17,0.85
full_res10,PPF,ESPI,3,1,0.3333333333333333
full_res10,PPF,ESPI,5,1,0.2
full_res10,PPF,ESPI,10,3,0.3
full_res10,PPF,ESPI,15,6,0.4
full_res10,PPF,ESPI,20,9,0.45
full_res10,PPF,ESPIID,3,0,0
full_res10,PPF,ESPIID,5,0,0
full_res10,PPF,ESPIID,10,2,0.2
full_res10,PPF,ESPIID,15,7,0.4666666666666667
full_res10,PPF,ESPIID,20,10,0.5
full_res10,PPF,PSI,3,0,0
full_res10,PPF,PSI,5,0,0
full_res10,PPF,PSI,10,2,0.2
full_res10,PPF,PSI,15,3,0.2
full_res10,PPF,PSI,20,8,0.4
full_res10,PPF,RPI,3,0,0
full_res10,PPF,RPI,5,0,0
full_res10,PPF,RPI,10,6,0.6
full_res10,PPF,RPI,15,11,0.7333333333333333
full_res10,PPF,RPI,20,17,0.85
full_res10,PPF,PQ,3,1,0.3333333333333333
full_res10,PPF,PQ,5,1,0.2
full_res10,PPF,PQ,10,3,0.3
full_res10,PPF,PQ,15,6,0.4
full_res10,PPF,PQ,20,9,0.45
full_res10,PPF,PR,3,1,0.3333333333333333
full_res10,PPF,PR,5,1,0.2
full_res10,PPF,PR,10,3,0.3
full_res10,PPF,PR,15,6,0.4
full_res10,PPF,PR,20,9,0.45
full_res10,PPF,NRW,3,1,0.3333333333333333
full_res10,PPF,NRW,5,1,0.2
full_res10,PPF,NRW,10,3,0.3
full_res10,PPF,NRW,15,6,0.4
full_res10,PPF,NRW,20,9,0.45
full_res10,PPF,ESP,3,0,0
full_res10,PPF,ESP,5,1,0.2
full_res10,PPF,ESP,10,5,0.5
full_res10,PPF,ESP,15,11,0.7333333333333333
full_res10,PPF,ESP,20,17,0.85
full_res10,PPF,CEV,3,0,0
full_res10,PPF,CEV,5,1,0.2
full_res10,PPF,CEV,10,7,0.7
full_res10,PPF,CEV,15,11,0.7333333333333333
full_res10,PPF,CEV,20,17,0.85
full_res10,PPF,PFI,3,0,0
full_res10,PPF,PFI,5,0,0
full_res10,PPF,PFI,10,4,0.4
full_res10,PPF,PFI,15,8,0.5333333333333333
full_res10,PPF,PFI,20,15,0.75
full_res10,PPF,APC,3,0,0
full_res10,PPF,APC,5,0,0
full_res10,PPF,APC,10,1,0.1
full_res10,PPF,APC,15,5,0.3333333333333333
full_res10,PPF,APC,20,10,0.5
full_res10,PPF,SI,3,1,0.3333333333333333
full_res10,PPF,SI,5,2,0.4
full_res10,PPF,SI,10,5,0.5
full_res10,PPF,SI,15,10,0.6666666666666666
full_res10,PPF,SI,20,14,0.7
full_res10,PPF,RSI,3,0,0
full_res10,PPF,RSI,5,0,0
full_res10,PPF,RSI,10,0,0
full_res10,PPF,RSI,15,0,0
full_res10,PPF,RSI,20,0,0
full_res10,PPF,EVS,3,1,0.3333333333333333
full_res10,PPF,EVS,5,2,0.4
full_res10,PPF,EVS,10,3,0.3
full_res10,PPF,EVS,15,6,0.4
full_res10,PPF,EVS,20,10,0.5
full_res10,PPi,PImd,3,3,1
full_res10,PPi,PImd,5,5,1
full_res10,PPi,PImd,10,10,1
full_res10,PPi,PImd,15,15,1
full_res10,PPi,PImd,20,20,1
full_res10,PPi,PILSM,3,3,1
full_res10,PPi,PILSM,5,5,1
full_res10,PPi,PILSM,10,10,1
full_res10,PPi,PILSM,15,15,1
full_res10,PPi,PILSM,20,20,1
full_res10,PPi,RTR,3,0,0
full_res10,PPi,RTR,5,0,0
full_res10,PPi,RTR,10,1,0.1
full_res10,PPi,RTR,15,3,0.2
full_res10,PPi,RTR,20,4,0.2
full_res10,PPi,PIR,3,2,0.6666666666666666
full_res10,PPi,PIR,5,3,0.6
full_res10,PPi,PIR,10,7,0.7
full_res10,PPi,PIR,15,10,0.6666666666666666
full_res10,PPi,PIR,20,15,0.75
full_res10,PPi,RDPI,3,2,0.6666666666666666
full_res10,PPi,RDPI,5,4,0.8
full_res10,PPi,RDPI,10,8,0.8
full_res10,PPi,RDPI,15,12,0.8
full_res10,PPi,RDPI,20,17,0.85
full_res10,PPi,ESPI,3,0,0
full_res10,PPi,ESPI,5,1,0.2
full_res10,PPi,ESPI,10,3,0.3
full_res10,PPi,ESPI,15,6,0.4
full_res10,PPi,ESPI,20,9,0.45
full_res10,PPi,ESPIID,3,0,0
full_res10,PPi,ESPIID,5,2,0.4
full_res10,PPi,ESPIID,10,3,0.3
full_res10,PPi,ESPIID,15,7,0.4666666666666667
full_res10,PPi,ESPIID,20,11,0.55
full_res10,PPi,PSI,3,0,0
full_res10,PPi,PSI,5,0,0
full_res10,PPi,PSI,10,3,0.3
full_res10,PPi,PSI,15,4,0.26666666666666666
full_res10,PPi,PSI,20,9,0.45
full_res10,PPi,RPI,3,2,0.6666666666666666
full_res10,PPi,RPI,5,4,0.8
full_res10,PPi,RPI,10,8,0.8
full_res10,PPi,RPI,15,12,0.8
full_res10,PPi,RPI,20,17,0.85
full_res10,PPi,PQ,3,0,0
full_res10,PPi,PQ,5,1,0.2
full_res10,PPi,PQ,10,3,0.3
full_res10,PPi,PQ,15,6,0.4
full_res10,PPi,PQ,20,9,0.45
full_res10,PPi,PR,3,0,0
full_res10,PPi,PR,5,1,0.2
full_res10,PPi,PR,10,3,0.3
full_res10,PPi,PR,15,6,0.4
full_res10,PPi,PR,20,9,0.45
full_res10,PPi,NRW,3,0,0
full_res10,PPi,NRW,5,1,0.2
full_res10,PPi,NRW,10,3,0.3
full_res10,PPi,NRW,15,6,0.4
full_res10,PPi,NRW,20,9,0.45
full_res10,PPi,ESP,3,2,0.6666666666666666
full_res10,PPi,ESP,5,2,0.4
full_res10,PPi,ESP,10,6,0.6
full_res10,PPi,ESP,15,11,0.7333333333333333
full_res10,PPi,ESP,20,17,0.85
full_res10,PPi,CEV,3,2,0.6666666666666666
full_res10,PPi,CEV,5,2,0.4
full_res10,PPi,CEV,10,7,0.7
full_res10,PPi,CEV,15,13,0.8666666666666667
full_res10,PPi,CEV,20,17,0.85
full_res10,PPi,PFI,3,1,0.3333333333333333
full_res10,PPi,PFI,5,3,0.6
full_res10,PPi,PFI,10,7,0.7
full_res10,PPi,PFI,15,10,0.6666666666666666
full_res10,PPi,PFI,20,16,0.8
full_res10,PPi,APC,3,0,0
full_res10,PPi,APC,5,2,0.4
full_res10,PPi,APC,10,2,0.2
full_res10,PPi,APC,15,7,0.4666666666666667
full_res10,PPi,APC,20,11,0.55
full_res10,PPi,SI,3,1,0.3333333333333333
full_res10,PPi,SI,5,2,0.4
full_res10,PPi,SI,10,4,0.4
full_res10,PPi,SI,15,9,0.6
full_res10,PPi,SI,20,15,0.75
full_res10,PPi,RSI,3,0,0
full_res10,PPi,RSI,5,0,0
full_res10,PPi,RSI,10,0,0
full_res10,PPi,RSI,15,0,0
full_res10,PPi,RSI,20,0,0
full_res10,PPi,EVS,3,0,0
full_res10,PPi,EVS,5,0,0
full_res10,PPi,EVS,10,2,0.2
full_res10,PPi,EVS,15,6,0.4
full_res10,PPi,EVS,20,10,0.5
full_res10,PImd,PILSM,3,3,1
full_res10,PImd,PILSM,5,5,1
full_res10,PImd,PILSM,10,10,1
full_res10,PImd,PILSM,15,15,1
full_res10,PImd,PILSM,20,20,1
full_res10,PImd,RTR,3,0,0
full_res10,PImd,RTR,5,0,0
full_res10,PImd,RTR,10,1,0.1
full_res10,PImd,RTR,15,3,0.2
full_res10,PImd,RTR,20,4,0.2
full_res10,PImd,PIR,3,2,0.6666666666666666
full_res10,PImd,PIR,5,3,0.6
full_res10,PImd,PIR,10,7,0.7
full_res10,PImd,PIR,15,10,0.6666666666666666
full_res10,PImd,PIR,20,15,0.75
full_res10,PImd,RDPI,3,2,0.6666666666666666
full_res10,PImd,RDPI,5,4,0.8
full_res10,PImd,RDPI,10,8,0.8
full_res10,PImd,RDPI,15,12,0.8
full_res10,PImd,RDPI,20,17,0.85
full_res10,PImd,ESPI,3,0,0
full_res10,PImd,ESPI,5,1,0.2
full_res10,PImd,ESPI,10,3,0.3
full_res10,PImd,ESPI,15,6,0.4
full_res10,PImd,ESPI,20,9,0.45
full_res10,PImd,ESPIID,3,0,0
full_res10,PImd,ESPIID,5,2,0.4
full_res10,PImd,ESPIID,10,3,0.3
full_res10,PImd,ESPIID,15,7,0.4666666666666667
full_res10,PImd,ESPIID,20,11,0.55
full_res10,PImd,PSI,3,0,0
full_res10,PImd,PSI,5,0,0
full_res10,PImd,PSI,10,3,0.3
full_res10,PImd,PSI,15,4,0.26666666666666666
full_res10,PImd,PSI,20,9,0.45
full_res10,PImd,RPI,3,2,0.6666666666666666
full_res10,PImd,RPI,5,4,0.8
full_res10,PImd,RPI,10,8,0.8
full_res10,PImd,RPI,15,12,0.8
full_res10,PImd,RPI,20,17,0.85
full_res10,PImd,PQ,3,0,0
full_res10,PImd,PQ,5,1,0.2
full_res10,PImd,PQ,10,3,0.3
full_res10,PImd,PQ,15,6,0.4
full_res10,PImd,PQ,20,9,0.45
full_res10,PImd,PR,3,0,0
full_res10,PImd,PR,5,1,0.2
full_res10,PImd,PR,10,3,0.3
full_res10,PImd,PR,15,6,0.4
full_res10,PImd,PR,20,9,0.45
full_res10,PImd,NRW,3,0,0
full_res10,PImd,NRW,5,1,0.2
full_res10,PImd,NRW,10,3,0.3
full_res10,PImd,NRW,15,6,0.4
full_res10,PImd,NRW,20,9,0.45
full_res10,PImd,ESP,3,2,0.6666666666666666
full_res10,PImd,ESP,5,2,0.4
full_res10,PImd,ESP,10,6,0.6
full_res10,PImd,ESP,15,11,0.7333333333333333
full_res10,PImd,ESP,20,17,0.85
full_res10,PImd,CEV,3,2,0.6666666666666666
full_res10,PImd,CEV,5,2,0.4
full_res10,PImd,CEV,10,7,0.7
full_res10,PImd,CEV,15,13,0.8666666666666667
full_res10,PImd,CEV,20,17,0.85
full_res10,PImd,PFI,3,1,0.3333333333333333
full_res10,PImd,PFI,5,3,0.6
full_res10,PImd,PFI,10,7,0.7
full_res10,PImd,PFI,15,10,0.6666666666666666
full_res10,PImd,PFI,20,16,0.8
full_res10,PImd,APC,3,0,0
full_res10,PImd,APC,5,2,0.4
full_res10,PImd,APC,10,2,0.2
full_res10,PImd,APC,15,7,0.4666666666666667
full_res10,PImd,APC,20,11,0.55
full_res10,PImd,SI,3,1,0.3333333333333333
full_res10,PImd,SI,5,2,0.4
full_res10,PImd,SI,10,4,0.4
full_res10,PImd,SI,15,9,0.6
full_res10,PImd,SI,20,15,0.75
full_res10,PImd,RSI,3,0,0
full_res10,PImd,RSI,5,0,0
full_res10,PImd,RSI,10,0,0
full_res10,PImd,RSI,15,0,0
full_res10,PImd,RSI,20,0,0
full_res10,PImd,EVS,3,0,0
full_res10,PImd,EVS,5,0,0
full_res10,PImd,EVS,10,2,0.2
full_res10,PImd,EVS,15,6,0.4
full_res10,PImd,EVS,20,10,0.5
full_res10,PILSM,RTR,3,0,0
full_res10,PILSM,RTR,5,0,0
full_res10,PILSM,RTR,10,1,0.1
full_res10,PILSM,RTR,15,3,0.2
full_res10,PILSM,RTR,20,4,0.2
full_res10,PILSM,PIR,3,2,0.6666666666666666
full_res10,PILSM,PIR,5,3,0.6
full_res10,PILSM,PIR,10,7,0.7
full_res10,PILSM,PIR,15,10,0.6666666666666666
full_res10,PILSM,PIR,20,15,0.75
full_res10,PILSM,RDPI,3,2,0.6666666666666666
full_res10,PILSM,RDPI,5,4,0.8
full_res10,PILSM,RDPI,10,8,0.8
full_res10,PILSM,RDPI,15,12,0.8
full_res10,PILSM,RDPI,20,17,0.85
full_res10,PILSM,ESPI,3,0,0
full_res10,PILSM,ESPI,5,1,0.2
full_res10,PILSM,ESPI,10,3,0.3
full_res10,PILSM,ESPI,15,6,0.4
full_res10,PILSM,ESPI,20,9,0.45
full_res10,PILSM,ESPIID,3,0,0
full_res10,PILSM,ESPIID,5,2,0.4
full_res10,PILSM,ESPIID,10,3,0.3
full_res10,PILSM,ESPIID,15,7,0.4666666666666667
full_res10,PILSM,ESPIID,20,11,0.55
full_res10,PILSM,PSI,3,0,0
full_res10,PILSM,PSI,5,0,0
full_res10,PILSM,PSI,10,3,0.3
full_res10,PILSM,PSI,15,4,0.26666666666666666
full_res10,PILSM,PSI,20,9,0.45
full_res10,PILSM,RPI,3,2,0.6666666666666666
full_res10,PILSM,RPI,5,4,0.8
full_res10,PILSM,RPI,10,8,0.8
full_res10,PILSM,RPI,15,12,0.8
full_res10,PILSM,RPI,20,17,0.85
full_res10,PILSM,PQ,3,0,0
full_res10,PILSM,PQ,5,1,0.2
full_res10,PILSM,PQ,10,3,0.3
full_res10,PILSM,PQ,15,6,0.4
full_res10,PILSM,PQ,20,9,0.45
full_res10,PILSM,PR,3,0,0
full_res10,PILSM,PR,5,1,0.2
full_res10,PILSM,PR,10,3,0.3
full_res10,PILSM,PR,15,6,0.4
full_res10,PILSM,PR,20,9,0.45
full_res10,PILSM,NRW,3,0,0
full_res10,PILSM,NRW,5,1,0.2
full_res10,PILSM,NRW,10,3,0.3
full_res10,PILSM,NRW,15,6,0.4
full_res10,PILSM,NRW,20,9,0.45
full_res10,PILSM,ESP,3,2,0.6666666666666666
full_res10,PILSM,ESP,5,2,0.4
full_res10,PILSM,ESP,10,6,0.6
full_res10,PILSM,ESP,15,11,0.7333333333333333
full_res10,PILSM,ESP,20,17,0.85
full_res10,PILSM,CEV,3,2,0.6666666666666666
full_res10,PILSM,CEV,5,2,0.4
full_res10,PILSM,CEV,10,7,0.7
full_res10,PILSM,CEV,15,13,0.8666666666666667
full_res10,PILSM,CEV,20,17,0.85
full_res10,PILSM,PFI,3,1,0.3333333333333333
full_res10,PILSM,PFI,5,3,0.6
full_res10,PILSM,PFI,10,7,0.7
full_res10,PILSM,PFI,15,10,0.6666666666666666
full_res10,PILSM,PFI,20,16,0.8
full_res10,PILSM,APC,3,0,0
full_res10,PILSM,APC,5,2,0.4
full_res10,PILSM,APC,10,2,0.2
full_res10,PILSM,APC,15,7,0.4666666666666667
full_res10,PILSM,APC,20,11,0.55
full_res10,PILSM,SI,3,1,0.3333333333333333
full_res10,PILSM,SI,5,2,0.4
full_res10,PILSM,SI,10,4,0.4
full_res10,PILSM,SI,15,9,0.6
full_res10,PILSM,SI,20,15,0.75
full_res10,PILSM,RSI,3,0,0
full_res10,PILSM,RSI,5,0,0
full_res10,PILSM,RSI,10,0,0
full_res10,PILSM,RSI,15,0,0
full_res10,PILSM,RSI,20,0,0
full_res10,PILSM,EVS,3,0,0
full_res10,PILSM,EVS,5,0,0
full_res10,PILSM,EVS,10,2,0.2
full_res10,PILSM,EVS,15,6,0.4
full_res10,PILSM,EVS,20,10,0.5
full_res10,RTR,PIR,3,1,0.3333333333333333
full_res10,RTR,PIR,5,1,0.2
full_res10,RTR,PIR,10,4,0.4
full_res10,RTR,PIR,15,8,0.5333333333333333
full_res10,RTR,PIR,20,9,0.45
full_res10,RTR,RDPI,3,0,0
full_res10,RTR,RDPI,5,0,0
full_res10,RTR,RDPI,10,2,0.2
full_res10,RTR,RDPI,15,4,0.26666666666666666
full_res10,RTR,RDPI,20,7,0.35
full_res10,RTR,ESPI,3,1,0.3333333333333333
full_res10,RTR,ESPI,5,1,0.2
full_res10,RTR,ESPI,10,3,0.3
full_res10,RTR,ESPI,15,5,0.3333333333333333
full_res10,RTR,ESPI,20,6,0.3
full_res10,RTR,ESPIID,3,0,0
full_res10,RTR,ESPIID,5,0,0
full_res10,RTR,ESPIID,10,1,0.1
full_res10,RTR,ESPIID,15,4,0.26666666666666666
full_res10,RTR,ESPIID,20,4,0.2
full_res10,RTR,PSI,3,0,0
full_res10,RTR,PSI,5,0,0
full_res10,RTR,PSI,10,0,0
full_res10,RTR,PSI,15,0,0
full_res10,RTR,PSI,20,0,0
full_res10,RTR,RPI,3,0,0
full_res10,RTR,RPI,5,0,0
full_res10,RTR,RPI,10,2,0.2
full_res10,RTR,RPI,15,4,0.26666666666666666
full_res10,RTR,RPI,20,7,0.35
full_res10,RTR,PQ,3,1,0.3333333333333333
full_res10,RTR,PQ,5,1,0.2
full_res10,RTR,PQ,10,3,0.3
full_res10,RTR,PQ,15,5,0.3333333333333333
full_res10,RTR,PQ,20,6,0.3
full_res10,RTR,PR,3,1,0.3333333333333333
full_res10,RTR,PR,5,1,0.2
full_res10,RTR,PR,10,3,0.3
full_res10,RTR,PR,15,5,0.3333333333333333
full_res10,RTR,PR,20,6,0.3
full_res10,RTR,NRW,3,1,0.3333333333333333
full_res10,RTR,NRW,5,1,0.2
full_res10,RTR,NRW,10,3,0.3
full_res10,RTR,NRW,15,5,0.3333333333333333
full_res10,RTR,NRW,20,6,0.3
full_res10,RTR,ESP,3,0,0
full_res10,RTR,ESP,5,1,0.2
full_res10,RTR,ESP,10,3,0.3
full_res10,RTR,ESP,15,5,0.3333333333333333
full_res10,RTR,ESP,20,7,0.35
full_res10,RTR,CEV,3,0,0
full_res10,RTR,CEV,5,1,0.2
full_res10,RTR,CEV,10,3,0.3
full_res10,RTR,CEV,15,3,0.2
full_res10,RTR,CEV,20,7,0.35
full_res10,RTR,PFI,3,0,0
full_res10,RTR,PFI,5,0,0
full_res10,RTR,PFI,10,0,0
full_res10,RTR,PFI,15,0,0
full_res10,RTR,PFI,20,3,0.15
full_res10,RTR,APC,3,0,0
full_res10,RTR,APC,5,0,0
full_res10,RTR,APC,10,0,0
full_res10,RTR,APC,15,0,0
full_res10,RTR,APC,20,2,0.1
full_res10,RTR,SI,3,1,0.3333333333333333
full_res10,RTR,SI,5,2,0.4
full_res10,RTR,SI,10,3,0.3
full_res10,RTR,SI,15,4,0.26666666666666666
full_res10,RTR,SI,20,6,0.3
full_res10,RTR,RSI,3,0,0
full_res10,RTR,RSI,5,0,0
full_res10,RTR,RSI,10,0,0
full_res10,RTR,RSI,15,0,0
full_res10,RTR,RSI,20,6,0.3
full_res10,RTR,EVS,3,1,0.3333333333333333
full_res10,RTR,EVS,5,2,0.4
full_res10,RTR,EVS,10,4,0.4
full_res10,RTR,EVS,15,5,0.3333333333333333
full_res10,RTR,EVS,20,6,0.3
full_res10,PIR,RDPI,3,2,0.6666666666666666
full_res10,PIR,RDPI,5,3,0.6
full_res10,PIR,RDPI,10,7,0.7
full_res10,PIR,RDPI,15,10,0.6666666666666666
full_res10,PIR,RDPI,20,17,0.85
full_res10,PIR,ESPI,3,0,0
full_res10,PIR,ESPI,5,0,0
full_res10,PIR,ESPI,10,4,0.4
full_res10,PIR,ESPI,15,5,0.3333333333333333
full_res10,PIR,ESPI,20,8,0.4
full_res10,PIR,ESPIID,3,0,0
full_res10,PIR,ESPIID,5,1,0.2
full_res10,PIR,ESPIID,10,3,0.3
full_res10,PIR,ESPIID,15,5,0.3333333333333333
full_res10,PIR,ESPIID,20,9,0.45
full_res10,PIR,PSI,3,0,0
full_res10,PIR,PSI,5,0,0
full_res10,PIR,PSI,10,1,0.1
full_res10,PIR,PSI,15,2,0.13333333333333333
full_res10,PIR,PSI,20,7,0.35
full_res10,PIR,RPI,3,2,0.6666666666666666
full_res10,PIR,RPI,5,3,0.6
full_res10,PIR,RPI,10,7,0.7
full_res10,PIR,RPI,15,10,0.6666666666666666
full_res10,PIR,RPI,20,17,0.85
full_res10,PIR,PQ,3,0,0
full_res10,PIR,PQ,5,0,0
full_res10,PIR,PQ,10,4,0.4
full_res10,PIR,PQ,15,5,0.3333333333333333
full_res10,PIR,PQ,20,8,0.4
full_res10,PIR,PR,3,0,0
full_res10,PIR,PR,5,0,0
full_res10,PIR,PR,10,4,0.4
full_res10,PIR,PR,15,5,0.3333333333333333
full_res10,PIR,PR,20,8,0.4
full_res10,PIR,NRW,3,0,0
full_res10,PIR,NRW,5,0,0
full_res10,PIR,NRW,10,4,0.4
full_res10,PIR,NRW,15,5,0.3333333333333333
full_res10,PIR,NRW,20,8,0.4
full_res10,PIR,ESP,3,2,0.6666666666666666
full_res10,PIR,ESP,5,3,0.6
full_res10,PIR,ESP,10,6,0.6
full_res10,PIR,ESP,15,9,0.6
full_res10,PIR,ESP,20,16,0.8
full_res10,PIR,CEV,3,2,0.6666666666666666
full_res10,PIR,CEV,5,3,0.6
full_res10,PIR,CEV,10,7,0.7
full_res10,PIR,CEV,15,9,0.6
full_res10,PIR,CEV,20,16,0.8
full_res10,PIR,PFI,3,0,0
full_res10,PIR,PFI,5,2,0.4
full_res10,PIR,PFI,10,5,0.5
full_res10,PIR,PFI,15,6,0.4
full_res10,PIR,PFI,20,14,0.7
full_res10,PIR,APC,3,0,0
full_res10,PIR,APC,5,1,0.2
full_res10,PIR,APC,10,2,0.2
full_res10,PIR,APC,15,4,0.26666666666666666
full_res10,PIR,APC,20,9,0.45
full_res10,PIR,SI,3,1,0.3333333333333333
full_res10,PIR,SI,5,2,0.4
full_res10,PIR,SI,10,5,0.5
full_res10,PIR,SI,15,7,0.4666666666666667
full_res10,PIR,SI,20,13,0.65
full_res10,PIR,RSI,3,0,0
full_res10,PIR,RSI,5,0,0
full_res10,PIR,RSI,10,0,0
full_res10,PIR,RSI,15,0,0
full_res10,PIR,RSI,20,0,0
full_res10,PIR,EVS,3,0,0
full_res10,PIR,EVS,5,0,0
full_res10,PIR,EVS,10,3,0.3
full_res10,PIR,EVS,15,5,0.3333333333333333
full_res10,PIR,EVS,20,9,0.45
full_res10,RDPI,ESPI,3,1,0.3333333333333333
full_res10,RDPI,ESPI,5,1,0.2
full_res10,RDPI,ESPI,10,3,0.3
full_res10,RDPI,ESPI,15,5,0.3333333333333333
full_res10,RDPI,ESPI,20,7,0.35
full_res10,RDPI,ESPIID,3,0,0
full_res10,RDPI,ESPIID,5,1,0.2
full_res10,RDPI,ESPIID,10,3,0.3
full_res10,RDPI,ESPIID,15,5,0.3333333333333333
full_res10,RDPI,ESPIID,20,9,0.45
full_res10,RDPI,PSI,3,0,0
full_res10,RDPI,PSI,5,0,0
full_res10,RDPI,PSI,10,2,0.2
full_res10,RDPI,PSI,15,2,0.13333333333333333
full_res10,RDPI,PSI,20,6,0.3
full_res10,RDPI,RPI,3,3,1
full_res10,RDPI,RPI,5,5,1
full_res10,RDPI,RPI,10,10,1
full_res10,RDPI,RPI,15,15,1
full_res10,RDPI,RPI,20,20,1
full_res10,RDPI,PQ,3,1,0.3333333333333333
full_res10,RDPI,PQ,5,1,0.2
full_res10,RDPI,PQ,10,3,0.3
full_res10,RDPI,PQ,15,5,0.3333333333333333
full_res10,RDPI,PQ,20,7,0.35
full_res10,RDPI,PR,3,1,0.3333333333333333
full_res10,RDPI,PR,5,1,0.2
full_res10,RDPI,PR,10,3,0.3
full_res10,RDPI,PR,15,5,0.3333333333333333
full_res10,RDPI,PR,20,7,0.35
full_res10,RDPI,NRW,3,1,0.3333333333333333
full_res10,RDPI,NRW,5,1,0.2
full_res10,RDPI,NRW,10,3,0.3
full_res10,RDPI,NRW,15,5,0.3333333333333333
full_res10,RDPI,NRW,20,7,0.35
full_res10,RDPI,ESP,3,3,1
full_res10,RDPI,ESP,5,3,0.6
full_res10,RDPI,ESP,10,8,0.8
full_res10,RDPI,ESP,15,13,0.8666666666666667
full_res10,RDPI,ESP,20,19,0.95
full_res10,RDPI,CEV,3,2,0.6666666666666666
full_res10,RDPI,CEV,5,3,0.6
full_res10,RDPI,CEV,10,8,0.8
full_res10,RDPI,CEV,15,13,0.8666666666666667
full_res10,RDPI,CEV,20,19,0.95
full_res10,RDPI,PFI,3,0,0
full_res10,RDPI,PFI,5,3,0.6
full_res10,RDPI,PFI,10,5,0.5
full_res10,RDPI,PFI,15,7,0.4666666666666667
full_res10,RDPI,PFI,20,13,0.65
full_res10,RDPI,APC,3,0,0
full_res10,RDPI,APC,5,1,0.2
full_res10,RDPI,APC,10,1,0.1
full_res10,RDPI,APC,15,4,0.26666666666666666
full_res10,RDPI,APC,20,8,0.4
full_res10,RDPI,SI,3,2,0.6666666666666666
full_res10,RDPI,SI,5,3,0.6
full_res10,RDPI,SI,10,4,0.4
full_res10,RDPI,SI,15,8,0.5333333333333333
full_res10,RDPI,SI,20,14,0.7
full_res10,RDPI,RSI,3,0,0
full_res10,RDPI,RSI,5,0,0
full_res10,RDPI,RSI,10,0,0
full_res10,RDPI,RSI,15,0,0
full_res10,RDPI,RSI,20,0,0
full_res10,RDPI,EVS,3,1,0.3333333333333333
full_res10,RDPI,EVS,5,1,0.2
full_res10,RDPI,EVS,10,2,0.2
full_res10,RDPI,EVS,15,5,0.3333333333333333
full_res10,RDPI,EVS,20,9,0.45
full_res10,ESPI,ESPIID,3,1,0.3333333333333333
full_res10,ESPI,ESPIID,5,3,0.6
full_res10,ESPI,ESPIID,10,8,0.8
full_res10,ESPI,ESPIID,15,13,0.8666666666666667
full_res10,ESPI,ESPIID,20,17,0.85
full_res10,ESPI,PSI,3,0,0
full_res10,ESPI,PSI,5,0,0
full_res10,ESPI,PSI,10,0,0
full_res10,ESPI,PSI,15,2,0.13333333333333333
full_res10,ESPI,PSI,20,9,0.45
full_res10,ESPI,RPI,3,1,0.3333333333333333
full_res10,ESPI,RPI,5,1,0.2
full_res10,ESPI,RPI,10,3,0.3
full_res10,ESPI,RPI,15,5,0.3333333333333333
full_res10,ESPI,RPI,20,7,0.35
full_res10,ESPI,PQ,3,3,1
full_res10,ESPI,PQ,5,5,1
full_res10,ESPI,PQ,10,10,1
full_res10,ESPI,PQ,15,15,1
full_res10,ESPI,PQ,20,20,1
full_res10,ESPI,PR,3,3,1
full_res10,ESPI,PR,5,5,1
full_res10,ESPI,PR,10,10,1
full_res10,ESPI,PR,15,15,1
full_res10,ESPI,PR,20,20,1
full_res10,ESPI,NRW,3,3,1
full_res10,ESPI,NRW,5,5,1
full_res10,ESPI,NRW,10,10,1
full_res10,ESPI,NRW,15,15,1
full_res10,ESPI,NRW,20,20,1
full_res10,ESPI,ESP,3,1,0.3333333333333333
full_res10,ESPI,ESP,5,1,0.2
full_res10,ESPI,ESP,10,3,0.3
full_res10,ESPI,ESP,15,4,0.26666666666666666
full_res10,ESPI,ESP,20,8,0.4
full_res10,ESPI,CEV,3,0,0
full_res10,ESPI,CEV,5,1,0.2
full_res10,ESPI,CEV,10,4,0.4
full_res10,ESPI,CEV,15,6,0.4
full_res10,ESPI,CEV,20,8,0.4
full_res10,ESPI,PFI,3,0,0
full_res10,ESPI,PFI,5,0,0
full_res10,ESPI,PFI,10,3,0.3
full_res10,ESPI,PFI,15,7,0.4666666666666667
full_res10,ESPI,PFI,20,11,0.55
full_res10,ESPI,APC,3,1,0.3333333333333333
full_res10,ESPI,APC,5,3,0.6
full_res10,ESPI,APC,10,6,0.6
full_res10,ESPI,APC,15,8,0.5333333333333333
full_res10,ESPI,APC,20,13,0.65
full_res10,ESPI,SI,3,2,0.6666666666666666
full_res10,ESPI,SI,5,2,0.4
full_res10,ESPI,SI,10,5,0.5
full_res10,ESPI,SI,15,9,0.6
full_res10,ESPI,SI,20,13,0.65
full_res10,ESPI,RSI,3,0,0
full_res10,ESPI,RSI,5,0,0
full_res10,ESPI,RSI,10,0,0
full_res10,ESPI,RSI,15,0,0
full_res10,ESPI,RSI,20,0,0
full_res10,ESPI,EVS,3,2,0.6666666666666666
full_res10,ESPI,EVS,5,2,0.4
full_res10,ESPI,EVS,10,7,0.7
full_res10,ESPI,EVS,15,14,0.9333333333333333
full_res10,ESPI,EVS,20,17,0.85
full_res10,ESPIID,PSI,3,0,0
full_res10,ESPIID,PSI,5,0,0
full_res10,ESPIID,PSI,10,0,0
full_res10,ESPIID,PSI,15,4,0.26666666666666666
full_res10,ESPIID,PSI,20,11,0.55
full_res10,ESPIID,RPI,3,0,0
full_res10,ESPIID,RPI,5,1,0.2
full_res10,ESPIID,RPI,10,3,0.3
full_res10,ESPIID,RPI,15,5,0.3333333333333333
full_res10,ESPIID,RPI,20,9,0.45
full_res10,ESPIID,PQ,3,1,0.3333333333333333
full_res10,ESPIID,PQ,5,3,0.6
full_res10,ESPIID,PQ,10,8,0.8
full_res10,ESPIID,PQ,15,13,0.8666666666666667
full_res10,ESPIID,PQ,20,17,0.85
full_res10,ESPIID,PR,3,1,0.3333333333333333
full_res10,ESPIID,PR,5,3,0.6
full_res10,ESPIID,PR,10,8,0.8
full_res10,ESPIID,PR,15,13,0.8666666666666667
full_res10,ESPIID,PR,20,17,0.85
full_res10,ESPIID,NRW,3,1,0.3333333333333333
full_res10,ESPIID,NRW,5,3,0.6
full_res10,ESPIID,NRW,10,8,0.8
full_res10,ESPIID,NRW,15,13,0.8666666666666667
full_res10,ESPIID,NRW,20,17,0.85
full_res10,ESPIID,ESP,3,0,0
full_res10,ESPIID,ESP,5,0,0
full_res10,ESPIID,ESP,10,2,0.2
full_res10,ESPIID,ESP,15,5,0.3333333333333333
full_res10,ESPIID,ESP,20,10,0.5
full_res10,ESPIID,CEV,3,0,0
full_res10,ESPIID,CEV,5,0,0
full_res10,ESPIID,CEV,10,3,0.3
full_res10,ESPIID,CEV,15,7,0.4666666666666667
full_res10,ESPIID,CEV,20,10,0.5
full_res10,ESPIID,PFI,3,0,0
full_res10,ESPIID,PFI,5,1,0.2
full_res10,ESPIID,PFI,10,4,0.4
full_res10,ESPIID,PFI,15,9,0.6
full_res10,ESPIID,PFI,20,12,0.6
full_res10,ESPIID,APC,3,3,1
full_res10,ESPIID,APC,5,5,1
full_res10,ESPIID,APC,10,8,0.8
full_res10,ESPIID,APC,15,10,0.6666666666666666
full_res10,ESPIID,APC,20,15,0.75
full_res10,ESPIID,SI,3,0,0
full_res10,ESPIID,SI,5,1,0.2
full_res10,ESPIID,SI,10,5,0.5
full_res10,ESPIID,SI,15,10,0.6666666666666666
full_res10,ESPIID,SI,20,15,0.75
full_res10,ESPIID,RSI,3,0,0
full_res10,ESPIID,RSI,5,0,0
full_res10,ESPIID,RSI,10,0,0
full_res10,ESPIID,RSI,15,0,0
full_res10,ESPIID,RSI,20,0,0
full_res10,ESPIID,EVS,3,0,0
full_res10,ESPIID,EVS,5,0,0
full_res10,ESPIID,EVS,10,5,0.5
full_res10,ESPIID,EVS,15,12,0.8
full_res10,ESPIID,EVS,20,16,0.8
full_res10,PSI,RPI,3,0,0
full_res10,PSI,RPI,5,0,0
full_res10,PSI,RPI,10,2,0.2
full_res10,PSI,RPI,15,2,0.13333333333333333
full_res10,PSI,RPI,20,6,0.3
full_res10,PSI,PQ,3,0,0
full_res10,PSI,PQ,5,0,0
full_res10,PSI,PQ,10,0,0
full_res10,PSI,PQ,15,2,0.13333333333333333
full_res10,PSI,PQ,20,9,0.45
full_res10,PSI,PR,3,0,0
full_res10,PSI,PR,5,0,0
full_res10,PSI,PR,10,0,0
full_res10,PSI,PR,15,2,0.13333333333333333
full_res10,PSI,PR,20,9,0.45
full_res10,PSI,NRW,3,0,0
full_res10,PSI,NRW,5,0,0
full_res10,PSI,NRW,10,0,0
full_res10,PSI,NRW,15,2,0.13333333333333333
full_res10,PSI,NRW,20,9,0.45
full_res10,PSI,ESP,3,0,0
full_res10,PSI,ESP,5,0,0
full_res10,PSI,ESP,10,1,0.1
full_res10,PSI,ESP,15,2,0.13333333333333333
full_res10,PSI,ESP,20,6,0.3
full_res10,PSI,CEV,3,0,0
full_res10,PSI,CEV,5,0,0
full_res10,PSI,CEV,10,2,0.2
full_res10,PSI,CEV,15,4,0.26666666666666666
full_res10,PSI,CEV,20,6,0.3
full_res10,PSI,PFI,3,0,0
full_res10,PSI,PFI,5,0,0
full_res10,PSI,PFI,10,3,0.3
full_res10,PSI,PFI,15,8,0.5333333333333333
full_res10,PSI,PFI,20,13,0.65
full_res10,PSI,APC,3,0,0
full_res10,PSI,APC,5,0,0
full_res10,PSI,APC,10,0,0
full_res10,PSI,APC,15,9,0.6
full_res10,PSI,APC,20,16,0.8
full_res10,PSI,SI,3,0,0
full_res10,PSI,SI,5,0,0
full_res10,PSI,SI,10,0,0
full_res10,PSI,SI,15,3,0.2
full_res10,PSI,SI,20,8,0.4
full_res10,PSI,RSI,3,0,0
full_res10,PSI,RSI,5,0,0
full_res10,PSI,RSI,10,1,0.1
full_res10,PSI,RSI,15,3,0.2
full_res10,PSI,RSI,20,3,0.15
full_res10,PSI,EVS,3,0,0
full_res10,PSI,EVS,5,0,0
full_res10,PSI,EVS,10,0,0
full_res10,PSI,EVS,15,1,0.06666666666666667
full_res10,PSI,EVS,20,7,0.35
full_res10,RPI,PQ,3,1,0.3333333333333333
full_res10,RPI,PQ,5,1,0.2
full_res10,RPI,PQ,10,3,0.3
full_res10,RPI,PQ,15,5,0.3333333333333333
full_res10,RPI,PQ,20,7,0.35
full_res10,RPI,PR,3,1,0.3333333333333333
full_res10,RPI,PR,5,1,0.2
full_res10,RPI,PR,10,3,0.3
full_res10,RPI,PR,15,5,0.3333333333333333
full_res10,RPI,PR,20,7,0.35
full_res10,RPI,NRW,3,1,0.3333333333333333
full_res10,RPI,NRW,5,1,0.2
full_res10,RPI,NRW,10,3,0.3
full_res10,RPI,NRW,15,5,0.3333333333333333
full_res10,RPI,NRW,20,7,0.35
full_res10,RPI,ESP,3,3,1
full_res10,RPI,ESP,5,3,0.6
full_res10,RPI,ESP,10,8,0.8
full_res10,RPI,ESP,15,13,0.8666666666666667
full_res10,RPI,ESP,20,19,0.95
full_res10,RPI,CEV,3,2,0.6666666666666666
full_res10,RPI,CEV,5,3,0.6
full_res10,RPI,CEV,10,8,0.8
full_res10,RPI,CEV,15,13,0.8666666666666667
full_res10,RPI,CEV,20,19,0.95
full_res10,RPI,PFI,3,0,0
full_res10,RPI,PFI,5,3,0.6
full_res10,RPI,PFI,10,5,0.5
full_res10,RPI,PFI,15,7,0.4666666666666667
full_res10,RPI,PFI,20,13,0.65
full_res10,RPI,APC,3,0,0
full_res10,RPI,APC,5,1,0.2
full_res10,RPI,APC,10,1,0.1
full_res10,RPI,APC,15,4,0.26666666666666666
full_res10,RPI,APC,20,8,0.4
full_res10,RPI,SI,3,2,0.6666666666666666
full_res10,RPI,SI,5,3,0.6
full_res10,RPI,SI,10,4,0.4
full_res10,RPI,SI,15,8,0.5333333333333333
full_res10,RPI,SI,20,14,0.7
full_res10,RPI,RSI,3,0,0
full_res10,RPI,RSI,5,0,0
full_res10,RPI,RSI,10,0,0
full_res10,RPI,RSI,15,0,0
full_res10,RPI,RSI,20,0,0
full_res10,RPI,EVS,3,1,0.3333333333333333
full_res10,RPI,EVS,5,1,0.2
full_res10,RPI,EVS,10,2,0.2
full_res10,RPI,EVS,15,5,0.3333333333333333
full_res10,RPI,EVS,20,9,0.45
full_res10,PQ,PR,3,3,1
full_res10,PQ,PR,5,5,1
full_res10,PQ,PR,10,10,1
full_res10,PQ,PR,15,15,1
full_res10,PQ,PR,20,20,1
full_res10,PQ,NRW,3,3,1
full_res10,PQ,NRW,5,5,1
full_res10,PQ,NRW,10,10,1
full_res10,PQ,NRW,15,15,1
full_res10,PQ,NRW,20,20,1
full_res10,PQ,ESP,3,1,0.3333333333333333
full_res10,PQ,ESP,5,1,0.2
full_res10,PQ,ESP,10,3,0.3
full_res10,PQ,ESP,15,4,0.26666666666666666
full_res10,PQ,ESP,20,8,0.4
full_res10,PQ,CEV,3,0,0
full_res10,PQ,CEV,5,1,0.2
full_res10,PQ,CEV,10,4,0.4
full_res10,PQ,CEV,15,6,0.4
full_res10,PQ,CEV,20,8,0.4
full_res10,PQ,PFI,3,0,0
full_res10,PQ,PFI,5,0,0
full_res10,PQ,PFI,10,3,0.3
full_res10,PQ,PFI,15,7,0.4666666666666667
full_res10,PQ,PFI,20,11,0.55
full_res10,PQ,APC,3,1,0.3333333333333333
full_res10,PQ,APC,5,3,0.6
full_res10,PQ,APC,10,6,0.6
full_res10,PQ,APC,15,8,0.5333333333333333
full_res10,PQ,APC,20,13,0.65
full_res10,PQ,SI,3,2,0.6666666666666666
full_res10,PQ,SI,5,2,0.4
full_res10,PQ,SI,10,5,0.5
full_res10,PQ,SI,15,9,0.6
full_res10,PQ,SI,20,13,0.65
full_res10,PQ,RSI,3,0,0
full_res10,PQ,RSI,5,0,0
full_res10,PQ,RSI,10,0,0
full_res10,PQ,RSI,15,0,0
full_res10,PQ,RSI,20,0,0
full_res10,PQ,EVS,3,2,0.6666666666666666
full_res10,PQ,EVS,5,2,0.4
full_res10,PQ,EVS,10,7,0.7
full_res10,PQ,EVS,15,14,0.9333333333333333
full_res10,PQ,EVS,20,17,0.85
full_res10,PR,NRW,3,3,1
full_res10,PR,NRW,5,5,1
full_res10,PR,NRW,10,10,1
full_res10,PR,NRW,15,15,1
full_res10,PR,NRW,20,20,1
full_res10,PR,ESP,3,1,0.3333333333333333
full_res10,PR,ESP,5,1,0.2
full_res10,PR,ESP,10,3,0.3
full_res10,PR,ESP,15,4,0.26666666666666666
full_res10,PR,ESP,20,8,0.4
full_res10,PR,CEV,3,0,0
full_res10,PR,CEV,5,1,0.2
full_res10,PR,CEV,10,4,0.4
full_res10,PR,CEV,15,6,0.4
full_res10,PR,CEV,20,8,0.4
full_res10,PR,PFI,3,0,0
full_res10,PR,PFI,5,0,0
full_res10,PR,PFI,10,3,0.3
full_res10,PR,PFI,15,7,0.4666666666666667
full_res10,PR,PFI,20,11,0.55
full_res10,PR,APC,3,1,0.3333333333333333
full_res10,PR,APC,5,3,0.6
full_res10,PR,APC,10,6,0.6
full_res10,PR,APC,15,8,0.5333333333333333
full_res10,PR,APC,20,13,0.65
full_res10,PR,SI,3,2,0.6666666666666666
full_res10,PR,SI,5,2,0.4
full_res10,PR,SI,10,5,0.5
full_res10,PR,SI,15,9,0.6
full_res10,PR,SI,20,13,0.65
full_res10,PR,RSI,3,0,0
full_res10,PR,RSI,5,0,0
full_res10,PR,RSI,10,0,0
full_res10,PR,RSI,15,0,0
full_res10,PR,RSI,20,0,0
full_res10,PR,EVS,3,2,0.6666666666666666
full_res10,PR,EVS,5,2,0.4
full_res10,PR,EVS,10,7,0.7
full_res10,PR,EVS,15,14,0.9333333333333333
full_res10,PR,EVS,20,17,0.85
full_res10,NRW,ESP,3,1,0.3333333333333333
full_res10,NRW,ESP,5,1,0.2
full_res10,NRW,ESP,10,3,0.3
full_res10,NRW,ESP,15,4,0.26666666666666666
full_res10,NRW,ESP,20,8,0.4
full_res10,NRW,CEV,3,0,0
full_res10,NRW,CEV,5,1,0.2
full_res10,NRW,CEV,10,4,0.4
full_res10,NRW,CEV,15,6,0.4
full_res10,NRW,CEV,20,8,0.4
full_res10,NRW,PFI,3,0,0
full_res10,NRW,PFI,5,0,0
full_res10,NRW,PFI,10,3,0.3
full_res10,NRW,PFI,15,7,0.4666666666666667
full_res10,NRW,PFI,20,11,0.55
full_res10,NRW,APC,3,1,0.3333333333333333
full_res10,NRW,APC,5,3,0.6
full_res10,NRW,APC,10,6,0.6
full_res10,NRW,APC,15,8,0.5333333333333333
full_res10,NRW,APC,20,13,0.65
full_res10,NRW,SI,3,2,0.6666666666666666
full_res10,NRW,SI,5,2,0.4
full_res10,NRW,SI,10,5,0.5
full_res10,NRW,SI,15,9,0.6
full_res10,NRW,SI,20,13,0.65
full_res10,NRW,RSI,3,0,0
full_res10,NRW,RSI,5,0,0
full_res10,NRW,RSI,10,0,0
full_res10,NRW,RSI,15,0,0
full_res10,NRW,RSI,20,0,0
full_res10,NRW,EVS,3,2,0.6666666666666666
full_res10,NRW,EVS,5,2,0.4
full_res10,NRW,EVS,10,7,0.7
full_res10,NRW,EVS,15,14,0.9333333333333333
full_res10,NRW,EVS,20,17,0.85
full_res10,ESP,CEV,3,2,0.6666666666666666
full_res10,ESP,CEV,5,5,1
full_res10,ESP,CEV,10,7,0.7
full_res10,ESP,CEV,15,12,0.8
full_res10,ESP,CEV,20,20,1
full_res10,ESP,PFI,3,0,0
full_res10,ESP,PFI,5,2,0.4
full_res10,ESP,PFI,10,3,0.3
full_res10,ESP,PFI,15,6,0.4
full_res10,ESP,PFI,20,13,0.65
full_res10,ESP,APC,3,0,0
full_res10,ESP,APC,5,0,0
full_res10,ESP,APC,10,0,0
full_res10,ESP,APC,15,3,0.2
full_res10,ESP,APC,20,8,0.4
full_res10,ESP,SI,3,2,0.6666666666666666
full_res10,ESP,SI,5,2,0.4
full_res10,ESP,SI,10,5,0.5
full_res10,ESP,SI,15,9,0.6
full_res10,ESP,SI,20,15,0.75
full_res10,ESP,RSI,3,0,0
full_res10,ESP,RSI,5,0,0
full_res10,ESP,RSI,10,0,0
full_res10,ESP,RSI,15,0,0
full_res10,ESP,RSI,20,0,0
full_res10,ESP,EVS,3,1,0.3333333333333333
full_res10,ESP,EVS,5,1,0.2
full_res10,ESP,EVS,10,3,0.3
full_res10,ESP,EVS,15,4,0.26666666666666666
full_res10,ESP,EVS,20,10,0.5
full_res10,CEV,PFI,3,1,0.3333333333333333
full_res10,CEV,PFI,5,2,0.4
full_res10,CEV,PFI,10,6,0.6
full_res10,CEV,PFI,15,9,0.6
full_res10,CEV,PFI,20,13,0.65
full_res10,CEV,APC,3,0,0
full_res10,CEV,APC,5,0,0
full_res10,CEV,APC,10,2,0.2
full_res10,CEV,APC,15,6,0.4
full_res10,CEV,APC,20,8,0.4
full_res10,CEV,SI,3,1,0.3333333333333333
full_res10,CEV,SI,5,2,0.4
full_res10,CEV,SI,10,6,0.6
full_res10,CEV,SI,15,10,0.6666666666666666
full_res10,CEV,SI,20,15,0.75
full_res10,CEV,RSI,3,0,0
full_res10,CEV,RSI,5,0,0
full_res10,CEV,RSI,10,0,0
full_res10,CEV,RSI,15,0,0
full_res10,CEV,RSI,20,0,0
full_res10,CEV,EVS,3,0,0
full_res10,CEV,EVS,5,1,0.2
full_res10,CEV,EVS,10,3,0.3
full_res10,CEV,EVS,15,5,0.3333333333333333
full_res10,CEV,EVS,20,10,0.5
full_res10,PFI,APC,3,0,0
full_res10,PFI,APC,5,1,0.2
full_res10,PFI,APC,10,5,0.5
full_res10,PFI,APC,15,11,0.7333333333333333
full_res10,PFI,APC,20,15,0.75
full_res10,PFI,SI,3,0,0
full_res10,PFI,SI,5,2,0.4
full_res10,PFI,SI,10,5,0.5
full_res10,PFI,SI,15,9,0.6
full_res10,PFI,SI,20,14,0.7
full_res10,PFI,RSI,3,0,0
full_res10,PFI,RSI,5,0,0
full_res10,PFI,RSI,10,0,0
full_res10,PFI,RSI,15,0,0
full_res10,PFI,RSI,20,0,0
full_res10,PFI,EVS,3,0,0
full_res10,PFI,EVS,5,0,0
full_res10,PFI,EVS,10,1,0.1
full_res10,PFI,EVS,15,6,0.4
full_res10,PFI,EVS,20,10,0.5
full_res10,APC,SI,3,0,0
full_res10,APC,SI,5,1,0.2
full_res10,APC,SI,10,4,0.4
full_res10,APC,SI,15,7,0.4666666666666667
full_res10,APC,SI,20,11,0.55
full_res10,APC,RSI,3,0,0
full_res10,APC,RSI,5,0,0
full_res10,APC,RSI,10,0,0
full_res10,APC,RSI,15,0,0
full_res10,APC,RSI,20,0,0
full_res10,APC,EVS,3,0,0
full_res10,APC,EVS,5,0,0
full_res10,APC,EVS,10,3,0.3
full_res10,APC,EVS,15,7,0.4666666666666667
full_res10,APC,EVS,20,11,0.55
full_res10,SI,RSI,3,0,0
full_res10,SI,RSI,5,0,0
full_res10,SI,RSI,10,0,0
full_res10,SI,RSI,15,0,0
full_res10,SI,RSI,20,0,0
full_res10,SI,EVS,3,2,0.6666666666666666
full_res10,SI,EVS,5,3,0.6
full_res10,SI,EVS,10,5,0.5
full_res10,SI,EVS,15,9,0.6
full_res10,SI,EVS,20,15,0.75
full_res10,RSI,EVS,3,0,0
full_res10,RSI,EVS,5,0,0
full_res10,RSI,EVS,10,0,0
full_res10,RSI,EVS,15,0,0
full_res10,RSI,EVS,20,0,0
